accver	strain	title	taxid	species	type	P	H	F	date	continent	country	div1	div2	div3	div4	raw_collection_date	raw_country
JX173083.1	JX173083.1	Human adenovirus C strain human/USA/VT2672/2003/1[P1H1F1], complete genome	129951	C	001	001	001	001	2003-02-28	NA	US	?	?	?	?	28-Feb-2003	USA
JX173085.1	JX173085.1	Human adenovirus C strain human/USA/VT2612/2003/1[P1H1F1], complete genome	129951	C	001	001	001	001	2003-03-03	NA	US	?	?	?	?	03-Mar-2003	USA
JX173082.1	JX173082.1	Human adenovirus C strain human/USA/VT384/2003/1[P1H1F1], complete genome	129951	C	001	001	001	001	2003-02-03	NA	US	?	?	?	?	03-Feb-2003	USA
JX173086.1	JX173086.1	Human adenovirus C strain human/USA/VT13862/2004/1[P1H1F1], complete genome	129951	C	001	001	001	001	2004-01-02	NA	US	?	?	?	?	02-Jan-2004	USA
MN513345.1	MN513345.1	Human adenovirus 1 isolate SG09/HAdvC1/2016, complete genome	10533	C	001	001	001	001	2016-09-19	AS	SG	?	?	?	?	19-Sep-2016	Singapore
MN513341.1	MN513341.1	Human adenovirus 1 isolate SG05/HAdvC1/2016, complete genome	10533	C	001	001	001	001	2016-09-16	AS	SG	?	?	?	?	16-Sep-2016	Singapore
MN513344.1	MN513344.1	Human adenovirus 1 isolate SG08/HAdvC1/2016, complete genome	10533	C	001	001	001	001	2016-10-12	AS	SG	?	?	?	?	12-Oct-2016	Singapore
JX173080.1	JX173080.1	Human adenovirus C strain human/EGY/E13/2001/1[P1H1F1], complete genome	129951	C	001	001	001	001	2001-02-01	AF	EG	?	?	?	?	01-Feb-2001	Egypt
MN737436.1	MN737436.1	Human adenovirus 1 strain QH-1665/2018, complete genome	10533	C	001	001	001	001	2018-11-01	AS	CN	?	?	?	?	Nov-2018	China
MK357714.1	MK357714.1	Human adenovirus sp. isolate DT-11, complete genome	1907210	C	001	001	001	001	2017-05-31	AS	CN	?	?	?	?	31-May-2017	China
MK805085.1	MK805085.1	Human mastadenovirus C isolate Human/China/Shanghai/673/P1H1F1/2009, complete genome	129951	C	001	001	001	001	2009-06-30	AS	CN	?	?	?	?	30-Jun-2009	China
MK896858.1	MK896858.1	Human mastadenovirus C isolate Human/China/Shanghai/8694/2016/2[P1H1F1], complete genome	129951	C	001	001	001	001	2016-03-07	AS	CN	?	?	?	?	07-Mar-2016	China
MH183293.1	MH183293.1	Human adenovirus 1 strain SH2016, complete genome	10533	C	001	001	001	001	2016-02-04	AS	CN	?	?	?	?	04-Feb-2016	China
JX173078.1	JX173078.1	Human adenovirus C strain human/ARG/A15812/2000/1[P1H1F1], complete genome	129951	C	001	001	001	001	2000-01-01	SA	AR	?	?	?	?	2000	Argentina
KF268310.1	KF268310.1	Human adenovirus C strain human/USA/Pitts_00109/1992/2[P2H2F2], complete genome	129951	C	002	002	002	002	1992-01-01	NA	US	PA	003	?	?	1992	USA: Pittsburgh, Pennsylvania
KF268130.1	KF268130.1	Human adenovirus C strain human/USA/UFL_Adv2/2004/2[P2H2F2], complete genome	129951	C	002	002	002	002	2004-12-01	NA	US	NY	?	?	?	Dec-2004	USA: New York
KX384959.1	KX384959.1	Human adenovirus 2 strain T215/Ft Jackson South Carolina USA/2002, complete genome	10515	C	002	002	002	002	2002-11-29	NA	US	SC	?	?	?	29-Nov-2002	USA: Fort Jackson, SC
JX173084.1	JX173084.1	Human adenovirus C strain human/USA/VT5544/2003/2[P2H2F2], complete genome	129951	C	002	002	002	002	2003-05-21	NA	US	?	?	?	?	21-May-2003	USA
MN513342.1	MN513342.1	Human adenovirus 2 isolate SG06/HAdvC2/2016, complete genome	10515	C	002	002	002	002	2016-09-25	AS	SG	?	?	?	?	25-Sep-2016	Singapore
JX173081.1	JX173081.1	Human adenovirus C strain human/EGY/E53/2001/2[P2H2F2], complete genome	129951	C	002	002	002	002	2001-10-18	AF	EG	?	?	?	?	18-Oct-2001	Egypt
MF044052.1	MF044052.1	human adenovirus 2 isolate HK91, complete genome	10515	C	002	002	002	002	2014-08-01	AS	CN	?	?	?	?	01-Aug-2014	China: Hong Kong
MK836309.1	MK836309.1	Human mastadenovirus C isolate Human/China/Shanghai/793/P2H2F2/2/2009, complete genome	129951	C	002	002	002	002	2009-07-03	AS	CN	?	?	?	?	03-Jul-2009	China
JX173077.1	JX173077.1	Human adenovirus C strain human/ARG/A8649/2005/2[P2H2F2], complete genome	129951	C	002	002	002	002	2005-01-01	SA	AR	?	?	?	?	2005	Argentina
JX173079.1	JX173079.1	Human adenovirus C strain human/ARG/A15932/2002/2[P2H2F2], complete genome	129951	C	002	002	002	002	2002-01-01	SA	AR	?	?	?	?	2002	Argentina
JX423380.1	JX423380.1	Human adenovirus B strain human/USA/ak32_AdV3a/2004/3[P3H3F3], complete genome	108098	B	003	003	003	003	2004-07-01	NA	US	?	131	?	?	01-Jul-2004	USA: San Diego
KF268128.1	KF268128.1	Human adenovirus B strain human/USA/CL_46/1988/3[P3H3F3], complete genome	108098	B	003	003	003	003	1988-01-01	NA	US	PA	003	?	?	1988	USA: Pittsburgh, Pennsylvania
JX423382.1	JX423382.1	Human adenovirus B strain human/USA/ak34_AdV3a2/2008/3[P3H3F3], complete genome	108098	B	003	003	003	003	2008-01-01	NA	US	?	099	?	?	01-Jan-2008	USA: Philadelphia
JX423381.1	JX423381.1	Human adenovirus B strain human/USA/ak33_AdV3a/2003/3[P3H3F3], complete genome	108098	B	003	003	003	003	2003-01-01	NA	US	?	099	?	?	01-Jan-2003	USA: Philadelphia
KF268124.1	KF268124.1	Human adenovirus B strain human/USA/UFL_Adv35/2004/35[P35H35F35], complete genome	108098	B	003	003	003	003	2004-12-01	NA	US	IA	?	?	?	Dec-2004	USA: Iowa
KX384958.1	KX384958.1	Human adenovirus B3 strain T382/Ft Jackson South Carolina USA/2002, complete genome	45659	B	003	003	003	003	2002-12-09	NA	US	SC	?	?	?	09-Dec-2002	USA: Fort Jackson, SC
KF268123.1	KF268123.1	Human adenovirus B strain human/USA/UFL_Adv3a51/2007/3[P3H3F3], complete genome	108098	B	003	003	003	003	2007-01-01	NA	US	CT	?	?	?	Jan-2007	USA: Connecticut
KF268131.1	KF268131.1	Human adenovirus B strain human/USA/UFL_Adv3a17/2007/3[P3H3F3], complete genome	108098	B	003	003	003	003	2007-02-01	NA	US	CT	?	?	?	Feb-2007	USA: Connecticut
KF268120.1	KF268120.1	Human adenovirus B strain human/USA/UFL_Adv3a2/2007/3[P3H3F3], complete genome	108098	B	003	003	003	003	2007-02-01	NA	US	CT	?	?	?	Feb-2007	USA: Connecticut
KF268133.1	KF268133.1	Human adenovirus B strain human/USA/UFL_Adv3a50/2007/3[P3H3F3], complete genome	108098	B	003	003	003	003	2007-02-01	NA	US	CT	?	?	?	Feb-2007	USA: Connecticut
MK836310.1	MK836310.1	Human mastadenovirus B isolate human/China/Shanghai/1631/2009/3[P3H3F3], complete genome	108098	B	003	003	003	003	2009-10-30	AS	CN	?	?	?	?	30-Oct-2009	China
MK836308.1	MK836308.1	Human mastadenovirus B isolate human/China/Shanghai/678/2009/3[P3H3F3], complete genome	108098	B	003	003	003	003	2009-06-30	AS	CN	?	?	?	?	30-Jun-2009	China
MK813915.1	MK813915.1	Human mastadenovirus B isolate human/China/Shanghai/538/2009/3[P3H3F3], complete genome	108098	B	003	003	003	003	2009-06-26	AS	CN	?	?	?	?	26-Jun-2009	China
MK883604.1	MK883604.1	Human mastadenovirus B isolate Human/China/Shanghai/3754/2011/3[P3H3F3], complete genome	108098	B	003	003	003	003	2011-10-25	AS	CN	?	?	?	?	25-Oct-2011	China
MK836311.1	MK836311.1	Human mastadenovirus B isolate Human/China/Shanghai/3096/2009/3[P3H3F3], complete genome	108098	B	003	003	003	003	2009-12-24	AS	CN	?	?	?	?	24-Dec-2009	China
MK813914.1	MK813914.1	Human mastadenovirus B isolate human/China/Shanghai/381/2004/3[P3H3F3], complete genome	108098	B	003	003	003	003	2009-06-19	AS	CN	?	?	?	?	19-Jun-2009	China
MK883608.1	MK883608.1	Human mastadenovirus B isolate Human/China/Shanghai/4010/2012/3[P3H3F3], complete genome	108098	B	003	003	003	003	2012-03-13	AS	CN	?	?	?	?	13-Mar-2012	China
MK847517.1	MK847517.1	Human mastadenovirus B isolate Human/China/Shanghai/3496/3[P3H3F3]/2009, complete genome	108098	B	003	003	003	003	2011-08-12	AS	CN	?	?	?	?	12-Aug-2011	China
MK883603.1	MK883603.1	Human mastadenovirus B isolate Human/China/Shanghai/3517/2011/3[P3H3F3], complete genome	108098	B	003	003	003	003	2011-08-12	AS	CN	?	?	?	?	12-Aug-2011	China
DQ105654.4	DQ105654.4	Human adenovirus B strain Guangzhou02, complete genome	108098	B	003	003	003	003	2004-07-01	AS	CN	?	?	?	?	Jul-2004	?
DQ099432.4	DQ099432.4	Human adenovirus B strain Guangzhou01, complete genome	108098	B	003	003	003	003	2005-01-01	AS	CN	?	?	?	?	Jan-2005	?
MN307141.1	MN307141.1	Human adenovirus E4 strain HAdV-E/USA_WI/6010/2018/P4H4F4, complete genome	28280	E	004	004	004	004	2018-11-28	NA	US	WI	?	?	?	28-Nov-2018	USA: Wisconsin
MN307140.1	MN307140.1	Human adenovirus E4 strain HAdV-E/USA_WI/6006/2018/P4H4F4, complete genome	28280	E	004	004	004	004	2018-11-26	NA	US	WI	?	?	?	26-Nov-2018	USA: Wisconsin
MN307142.1	MN307142.1	Human adenovirus E4 strain HAdV-E/USA_WI/5556/2018/P4H4F4, complete genome	28280	E	004	004	004	004	2018-12-17	NA	US	WI	?	?	?	17-Dec-2018	USA: Wisconsin
MN307139.1	MN307139.1	Human adenovirus E4 strain HAdV-E/USA_VA/2744/2018/P4H4F4, complete genome	28280	E	004	004	004	004	2018-11-27	NA	US	VA	?	?	?	27-Nov-2018	USA: Virginia
MN307138.1	MN307138.1	Human adenovirus E4 strain HAdV-E/USA_VA/9621/2018/P4H4F4, complete genome	28280	E	004	004	004	004	2018-11-13	NA	US	VA	?	?	?	13-Nov-2018	USA: Virginia
MN307137.1	MN307137.1	Human adenovirus E4 strain HAdV-E/USA_VA/9623/2018/P4H4F4, complete genome	28280	E	004	004	004	004	2018-11-07	NA	US	VA	?	?	?	07-Nov-2018	USA: Virginia
MN307143.1	MN307143.1	Human adenovirus E4 strain HAdV-E/USA_PA/9762/2018/P4H4F4, complete genome	28280	E	004	004	004	004	2018-10-31	NA	US	PA	?	?	?	31-Oct-2018	USA: Pennsylvania
MN307144.1	MN307144.1	Human adenovirus E4 strain HAdV-E/USA_PA/9773/2018/P4H4F4, complete genome	28280	E	004	004	004	004	2018-11-20	NA	US	PA	?	?	?	20-Nov-2018	USA: Pennsylvania
MN307145.1	MN307145.1	Human adenovirus E4 strain HAdV-E/USA_PA/7607/2018/P4H4F4, complete genome	28280	E	004	004	004	004	2018-12-18	NA	US	PA	?	?	?	18-Dec-2018	USA: Pennsylvania
KY996446.1	KY996446.1	Human mastadenovirus E strain HAdV-E/USA/3477/2015/P4H4F4, complete genome	130308	E	004	004	004	004	2015-01-30	NA	US	NY	?	?	?	30-Jan-2015	USA: New York
KY996450.1	KY996450.1	Human mastadenovirus E strain HAdV-E/USA/12752/2012/P4H4F4, complete genome	130308	E	004	004	004	004	2012-04-26	NA	US	NY	?	?	?	26-Apr-2012	USA: New York
KY996449.1	KY996449.1	Human mastadenovirus E strain HAdV-E/USA/5497/2013/P4H4F4, complete genome	130308	E	004	004	004	004	2013-02-23	NA	US	NY	?	?	?	23-Feb-2013	USA: New York
KY996445.1	KY996445.1	Human mastadenovirus E strain HAdV-E/USA/33430/2014/P4H4F4, complete genome	130308	E	004	004	004	004	2014-10-22	NA	US	NY	?	?	?	22-Oct-2014	USA: New York
KX384957.1	KX384957.1	Human adenovirus E4 strain V1003/New York USA/1981, complete genome	28280	E	004	004	004	004	1981-01-01	NA	US	NY	?	?	?	1981	USA: New York
KY996451.1	KY996451.1	Human mastadenovirus E strain HAdV-E/USA/27440/2012/P4H4F4, complete genome	130308	E	004	004	004	004	2012-08-19	NA	US	NY	?	?	?	19-Aug-2012	USA: New York
KY996442.1	KY996442.1	Human mastadenovirus E strain HAdV-E/USA/9111/2014/P4H4F4, complete genome	130308	E	004	004	004	004	2014-02-13	NA	US	NY	?	?	?	13-Feb-2014	USA: New York
KY996448.1	KY996448.1	Human mastadenovirus E strain HAdV-E/USA/4876/2014/P4H4F4, complete genome	130308	E	004	004	004	004	2014-02-10	NA	US	NY	?	?	?	10-Feb-2014	USA: New York
KY996443.1	KY996443.1	Human mastadenovirus E strain E/USA/38662/2014/P4H4F4, complete genome	130308	E	004	004	004	004	2014-12-10	NA	US	NY	?	?	?	10-Dec-2014	USA: New York
KY996447.1	KY996447.1	Human mastadenovirus E strain HAdV-E/USA/4054/2015/P4H4F4, complete genome	130308	E	004	004	004	004	2015-02-04	NA	US	NY	?	?	?	04-Feb-2015	USA: New York
KX384955.1	KX384955.1	Human adenovirus E4 strain V1933/New Mexico USA/1985, complete genome	28280	E	004	004	004	004	1985-01-01	NA	US	NM	?	?	?	1985	USA: New Mexico
KX384948.1	KX384948.1	Human adenovirus E4 strain RDU2954/New Jersey USA/1966, complete genome	28280	E	004	004	004	004	1966-01-01	NA	US	NJ	?	?	?	1966	USA: New Jersey
KX384950.1	KX384950.1	Human adenovirus E4 strain RU7872/Minnesota USA/1971, complete genome	28280	E	004	004	004	004	1971-01-01	NA	US	MN	?	?	?	1971	USA: Minnesota
MN307136.1	MN307136.1	Human adenovirus E4 strain HAdV-E/USA_MD/5883/2019/P4H4F4, complete genome	28280	E	004	004	004	004	2019-01-12	NA	US	MD	?	?	?	12-Jan-2019	USA: Maryland
KX384951.1	KX384951.1	Human adenovirus E4 strain ZG/Indio California USA/1995, complete genome	28280	E	004	004	004	004	1995-01-01	NA	US	CA	?	11789039	?	1995	USA: Indio, CA
KX384946.1	KX384946.1	Human adenovirus E4 strain V2029E/Georgia USA/1986, complete genome	28280	E	004	004	004	004	1986-01-01	NA	US	GA	?	?	?	1986	USA: Georgia
KX384949.1	KX384949.1	Human adenovirus E4 strain RI-67 (ATCC VR-1572), complete genome	28280	E	004	004	004	004	1953-01-01	NA	US	MO	?	?	?	1953	USA: Fort Leonard Wood, Missouri
KX384945.1	KX384945.1	Human adenovirus E4 strain T158/Ft Jackson South Carolina USA/2002, complete genome	28280	E	004	004	004	004	2002-11-26	NA	US	SC	?	?	?	26-Nov-2002	USA: Fort Jackson, SC
KX384954.1	KX384954.1	Human adenovirus E4 strain 10/Ft Jackson South Carolina USA/2001, complete genome	28280	E	004	004	004	004	2001-01-01	NA	US	SC	?	?	?	2001	USA: Fort Jackson, SC
KX384952.1	KX384952.1	Human adenovirus E4 strain 186/Ft Jackson South Carolina USA/1998, complete genome	28280	E	004	004	004	004	1998-01-01	NA	US	SC	?	?	?	1998	USA: Fort Jackson, SC
KX384953.1	KX384953.1	Human adenovirus E4 strain 078/Ft Jackson South Carolina USA/1997, complete genome	28280	E	004	004	004	004	1997-01-01	NA	US	SC	?	?	?	1997	USA: Fort Jackson, SC
MG030485.1	MG030485.1	Human adenovirus type 4 isolate NVI1692, complete genome	28280	E	004	004	004	004	2016-08-31	NA	US	?	?	?	?	31-Aug-2016	USA
MG030486.1	MG030486.1	Human adenovirus type 4 isolate NVI1694, complete genome	28280	E	004	004	004	004	2016-08-31	NA	US	?	?	?	?	31-Aug-2016	USA
AP014843.1	AP014843.1	Human adenovirus 4a NHRC-25562 DNA, complete genome	35263	E	004	004	004	004	2011-01-01	NA	US	?	?	?	?	2011	USA
AP014851.1	AP014851.1	Human adenovirus 4a NHRC-36401 DNA, complete genome	35263	E	004	004	004	004	2011-01-01	NA	US	?	?	?	?	2011	USA
KY996453.1	KY996453.1	Human mastadenovirus E strain HAdVE/USA_Connecticut/TB071911/2011/P4H4F4, complete genome	130308	E	004	004	004	004	2011-01-01	NA	US	?	?	?	?	2011	USA
AP014845.1	AP014845.1	Human adenovirus 4a NHRC-92165 DNA, complete genome	35263	E	004	004	004	004	2009-01-01	NA	US	?	?	?	?	2009	USA
AP014847.1	AP014847.1	Human adenovirus 4a WPAFB 7 DNA, complete genome	35263	E	004	004	004	004	2009-01-01	NA	US	?	?	?	?	2009	USA
AP014842.1	AP014842.1	Human adenovirus 4a NHRC-23703 DNA, complete genome	35263	E	004	004	004	004	2008-01-01	NA	US	?	?	?	?	2008	USA
AP014841.1	AP014841.1	Human adenovirus 4a NHRC-22650 DNA, complete genome	35263	E	004	004	004	004	2006-01-01	NA	US	?	?	?	?	2006	USA
AP014840.1	AP014840.1	Human adenovirus 4a NHRC-21320 DNA, complete genome	35263	E	004	004	004	004	2005-01-01	NA	US	?	?	?	?	2005	USA
AP014844.1	AP014844.1	Human adenovirus 4a NHRC-70935 DNA, complete genome	35263	E	004	004	004	004	2004-01-01	NA	US	?	?	?	?	2004	USA
AP014853.1	AP014853.1	Human adenovirus 4p NHRC_90870 DNA, complete genome	1643781	E	004	004	004	004	2004-01-01	NA	US	?	?	?	?	2004	USA
AP014846.1	AP014846.1	Human adenovirus 4a NHRC-20699 DNA, complete genome	35263	E	004	004	004	004	2002-01-01	NA	US	?	?	?	?	2002	USA
AP014849.1	AP014849.1	Human adenovirus 4a NHRC-11023 DNA, complete genome	35263	E	004	004	004	004	2001-01-01	NA	US	?	?	?	?	2001	USA
AP014848.1	AP014848.1	Human adenovirus 4a NHRC-42269 DNA, complete genome	35263	E	004	004	004	004	2001-01-01	NA	US	?	?	?	?	2001	USA
AP014850.1	AP014850.1	Human adenovirus 4a NHRC-50654 DNA, complete genome	35263	E	004	004	004	004	2001-01-01	NA	US	?	?	?	?	2001	USA
AP014852.1	AP014852.1	Human adenovirus 4p NHRC_90255 DNA, complete genome	1643781	E	004	004	004	004	2000-01-01	NA	US	?	?	?	?	2000	USA
MF002043.1	MF002043.1	Human mastadenovirus E isolate HAdVE/USA_New Jersey/RU2533/1966/P4H4F4, complete genome	130308	E	004	004	004	004	1966-01-01	NA	US	?	?	?	?	1966	USA
MG030484.1	MG030484.1	Human adenovirus type 4 isolate NVI1771, complete genome	28280	E	004	004	004	004	2016-09-14	NA	US	?	?	?	?	14-Sep-2016	USA
MF002042.1	MF002042.1	Human mastadenovirus E isolate HAdVE/USA_New York/1418/2015/P4H4F4, complete genome	130308	E	004	004	004	004	2015-01-13	NA	US	?	?	?	?	13-Jan-2015	USA
KY996444.1	KY996444.1	Human mastadenovirus E strain HAdVE/USA_New York/38813/2014/P4H4F4, complete genome	130308	E	004	004	004	004	2014-12-11	NA	US	?	?	?	?	11-Dec-2014	USA
MG030483.1	MG030483.1	Human adenovirus type 4 isolate NVI1727, complete genome	28280	E	004	004	004	004	2016-09-08	NA	US	?	?	?	?	08-Sep-2016	USA
KX868498.2	KX868498.2	Human adenovirus E4 isolate GyK225, complete genome	28280	E	004	004	004	004	2000-01-01	EU	SE	?	?	?	?	2000	Sweden
MN513346.1	MN513346.1	Human adenovirus E4 isolate SG10/HAdvE4/2016, complete genome	28280	E	004	004	004	004	2016-10-31	AS	SG	?	?	?	?	31-Oct-2016	Singapore
MN513338.1	MN513338.1	Human adenovirus E4 isolate SG01/HAdvE4/2016, complete genome	28280	E	004	004	004	004	2016-09-23	AS	SG	?	?	?	?	23-Sep-2016	Singapore
MN513343.1	MN513343.1	Human adenovirus E4 isolate SG07/HAdvE4/2016, complete genome	28280	E	004	004	004	004	2016-10-11	AS	SG	?	?	?	?	11-Oct-2016	Singapore
MN513347.1	MN513347.1	Human adenovirus E4 isolate SG11/HAdvE4/2016, complete genome	28280	E	004	004	004	004	2016-11-04	AS	SG	?	?	?	?	04-Nov-2016	Singapore
MN513339.1	MN513339.1	Human adenovirus E4 isolate SG03/HAdvE4/2016, complete genome	28280	E	004	004	004	004	2016-07-02	AS	SG	?	?	?	?	02-Jul-2016	Singapore
MN513340.1	MN513340.1	Human adenovirus E4 isolate SG04/HAdvE4/2016, complete genome	28280	E	004	004	004	004	2016-08-02	AS	SG	?	?	?	?	02-Aug-2016	Singapore
AB679756.1	AB679756.1	Human adenovirus 4a DNA, complete genome, isolate: HAdVE_4a_Sapporo2001	35263	E	004	004	004	004	2001-01-01	AS	JP	12	?	?	?	2001	Japan: Sapporo, Hokkaido University Hospital
AB679755.1	AB679755.1	Human adenovirus 4a DNA, complete genome, isolate: HAdVE_4a_Sapporo1991	35263	E	004	004	004	004	1991-01-01	AS	JP	12	?	?	?	1991	Japan: Sapporo, Hokkaido University Hospital
AB679754.1	AB679754.1	Human adenovirus 4a DNA, complete genome, isolate: HAdVE_4a_Sapporo1984	35263	E	004	004	004	004	1984-01-01	AS	JP	12	?	?	?	1984	Japan: Sapporo, Hokkaido University Hospital
KY996452.1	KY996452.1	Human mastadenovirus E strain HAdVE/Japan/J1007/1981/P4H4F4, complete genome	130308	E	004	004	004	004	1981-01-01	AS	JP	?	?	?	?	1981	Japan
KX384956.1	KX384956.1	Human adenovirus E4 strain V0014/France/1978, complete genome	28280	E	004	004	004	004	1978-01-01	EU	FR	?	?	?	?	1978	France
KX384947.1	KX384947.1	Human adenovirus E4 strain RU4445/Egypt/1968, complete genome	28280	E	004	004	004	004	1968-01-01	AF	EG	?	?	?	?	1968	Egypt
KF006344.1	KF006344.1	Human adenovirus 4 strain GZ01, complete genome	28280	E	004	004	004	004	2008-06-01	AS	CN	30	?	?	?	01-Jun-2008	China: Guangzhou
KF429754.1	KF429754.1	Human adenovirus C strain human/USA/Pitts_00149/1990/5[P5H5F5]F268310, complete genome	129951	C	005	005	005	005	1990-01-01	NA	US	PA	003	?	?	1990	USA: Pittsburgh, Pennsylvania
KF268127.1	KF268127.1	Human adenovirus C strain human/USA/CL_42/1988/5[P5H5F5], complete genome	129951	C	005	005	005	005	1988-01-01	NA	US	PA	003	?	?	1988	USA: Pittsburgh, Pennsylvania
KX868466.2	KX868466.2	Human adenovirus 5 isolate GyK193, complete genome	28285	C	005	005	005	005	2000-01-01	EU	SE	?	?	?	?	2000	Sweden
HQ413315.1	HQ413315.1	Human adenovirus 6 isolate Tonsil 99, complete genome	10534	C	006	006	006	006	1953-01-01	NA	US	DC	001	?	?	1953	USA: Washington, DC
JX423389.1	JX423389.1	Human adenovirus C strain human/USA/ak31_AdV6/2007/6[P6H6F6], complete genome	129951	C	006	006	006	006	2007-08-01	NA	US	?	099	?	?	01-Aug-2007	USA: Philadelphia
KF268129.1	KF268129.1	Human adenovirus C strain human/USA/UFL_Adv6/2005/6[P6H6F6], complete genome	129951	C	006	006	006	006	2005-02-01	NA	US	CO	?	?	?	Feb-2005	USA: Colorado
FJ349096.1	FJ349096.1	Human adenovirus 6 strain Tonsil 99 prototype, complete genome	10534	C	006	006	006	006	1953-01-01	NA	US	?	?	?	?	1953	USA
LC068720.1	LC068720.1	Human adenovirus 6 DNA, nearly complete genome, strain: 1050158	10534	C	006	006	006	006	2005-04-08	AS	JP	?	?	?	?	2005-04-08	Japan
LC068719.1	LC068719.1	Human adenovirus 6 DNA, nearly complete genome, strain: 1050156	10534	C	006	006	006	006	2005-04-01	AS	JP	?	?	?	?	2005-04-01	Japan
LC068718.1	LC068718.1	Human adenovirus 6 DNA, nearly complete genome, strain: 1040502	10534	C	006	006	006	006	2004-08-19	AS	JP	?	?	?	?	2004-08-19	Japan
LC068717.1	LC068717.1	Human adenovirus 6 DNA, nearly complete genome, strain: 1040264	10534	C	006	006	006	006	2004-04-12	AS	JP	?	?	?	?	2004-04-12	Japan
LC068716.1	LC068716.1	Human adenovirus 6 DNA, nearly complete genome, strain: 1030787	10534	C	006	006	006	006	2003-12-03	AS	JP	?	?	?	?	2003-12-03	Japan
LC068715.1	LC068715.1	Human adenovirus 6 DNA, nearly complete genome, strain: 940162	10534	C	006	006	006	006	1994-05-21	AS	JP	?	?	?	?	1994-05-21	Japan
LC068714.1	LC068714.1	Human adenovirus 6 DNA, nearly complete genome, strain: 930113	10534	C	006	006	006	006	1993-03-05	AS	JP	?	?	?	?	1993-03-05	Japan
LC068713.1	LC068713.1	Human adenovirus 6 DNA, nearly complete genome, strain: 870550	10534	C	006	006	006	006	1987-12-26	AS	JP	?	?	?	?	1987-12-26	Japan
LC068712.1	LC068712.1	Human adenovirus 6 DNA, nearly complete genome, strain: 870550	10534	C	006	006	006	006	1987-12-26	AS	JP	?	?	?	?	1987-12-26	Japan
MN307158.1	MN307158.1	Human adenovirus 7 strain HAdV-B/USA_WI/6007/2018/P7H7F7, complete genome	10519	B	007	007	007	007	2018-11-27	NA	US	WI	?	?	?	27-Nov-2018	USA: Wisconsin
MN307157.1	MN307157.1	Human adenovirus 7 strain HAdV-B/USA_WI/6005/2018/P7H7F7, complete genome	10519	B	007	007	007	007	2018-11-19	NA	US	WI	?	?	?	19-Nov-2018	USA: Wisconsin
MN307163.1	MN307163.1	Human adenovirus 7 strain HAdV-B/USA_WI/5555/2018/P7H7F7, complete genome	10519	B	007	007	007	007	2018-12-17	NA	US	WI	?	?	?	17-Dec-2018	USA: Wisconsin
MN307162.1	MN307162.1	Human adenovirus 7 strain HAdV-B/USA_WI/5542/2018/P7H7F7, complete genome	10519	B	007	007	007	007	2018-12-07	NA	US	WI	?	?	?	07-Dec-2018	USA: Wisconsin
MN307161.1	MN307161.1	Human adenovirus 7 strain HAdV-B/USA_WI/5539/2018/P7H7F7, complete genome	10519	B	007	007	007	007	2018-12-06	NA	US	WI	?	?	?	06-Dec-2018	USA: Wisconsin
MN307160.1	MN307160.1	Human adenovirus 7 strain HAdV-B/USA_WI/6013/2018/P7H7F7, complete genome	10519	B	007	007	007	007	2018-12-03	NA	US	WI	?	?	?	03-Dec-2018	USA: Wisconsin
MN307159.1	MN307159.1	Human adenovirus 7 strain HAdV-B/USA_WI/6001/2018/P7H7F7, complete genome	10519	B	007	007	007	007	2018-12-01	NA	US	WI	?	?	?	01-Dec-2018	USA: Wisconsin
MH910665.1	MH910665.1	Human adenovirus 7 strain HAdV-B/USA/8010/1998, complete genome	10519	B	007	007	007	007	1998-01-01	NA	US	TX	?	?	?	1998	USA: Texas
MH910668.1	MH910668.1	Human adenovirus 7 strain HAdV-B/USA/6866/1997, complete genome	10519	B	007	007	007	007	1997-01-01	NA	US	SC	?	?	?	1997	USA: South Carolina
KF268134.1	KF268134.1	Human adenovirus B strain human/USA/CL_43/1988/7[P7H7F7], complete genome	108098	B	007	007	007	007	1988-01-01	NA	US	PA	003	?	?	1988	USA: Pittsburgh, Pennsylvania
KF268125.1	KF268125.1	Human adenovirus B strain human/USA/CL_44/1988/7[P7H7F7], complete genome	108098	B	007	007	007	007	1988-01-01	NA	US	PA	003	?	?	1988	USA: Pittsburgh, Pennsylvania
MN307150.1	MN307150.1	Human adenovirus 7 strain HAdV-B/USA_PA/7575/2018/P7H7F7, complete genome	10519	B	007	007	007	007	2018-11-28	NA	US	PA	?	?	?	28-Nov-2018	USA: Pennsylvania
MN307152.1	MN307152.1	Human adenovirus 7 strain HAdV-B/USA_PA/7605/2018/P7H7F7, complete genome	10519	B	007	007	007	007	2018-12-17	NA	US	PA	?	?	?	17-Dec-2018	USA: Pennsylvania
MN307151.1	MN307151.1	Human adenovirus 7 strain HAdV-B/USA_PA/7599/2018/P7H7F7, complete genome	10519	B	007	007	007	007	2018-12-14	NA	US	PA	?	?	?	14-Dec-2018	USA: Pennsylvania
MN307149.1	MN307149.1	Human adenovirus 7 strain HAdV-B/USA_PA/9761/2018/P7H7F7, complete genome	10519	B	007	007	007	007	2018-10-06	NA	US	PA	?	?	?	06-Oct-2018	USA: Pennsylvania
KT963081.1	KT963081.1	Human adenovirus 7 strain CDC 2014012.949, complete genome	10519	B	007	007	007	007	2014-02-19	NA	US	OR	?	?	?	19-Feb-2014	USA: Oregon
MH910667.1	MH910667.1	Human adenovirus 7 strain HAdV-B/USA/R081586/1999, complete genome	10519	B	007	007	007	007	1999-01-01	NA	US	NY	?	?	?	1999	USA: New York
JX423383.1	JX423383.1	Human adenovirus B strain human/USA/ak35_AdV7d2/2006/7[P7H7F7], complete genome	108098	B	007	007	007	007	2006-04-01	NA	US	MO	?	?	?	01-Apr-2006	USA: Missouri
MN307155.1	MN307155.1	Human adenovirus 7 strain HAdV-B/USA_MI/7744/2019/P7H7F7, complete genome	10519	B	007	007	007	007	2019-03-22	NA	US	MI	?	?	?	22-Mar-2019	USA: Michigan
MN307153.1	MN307153.1	Human adenovirus 7 strain HAdV-B/USA_MI/6118/2019/P7H7F7, complete genome	10519	B	007	007	007	007	2019-03-13	NA	US	MI	?	?	?	13-Mar-2019	USA: Michigan
MN307156.1	MN307156.1	Human adenovirus 7 strain HAdV-B/USA_MI/0380/2019/P7H7F7, complete genome	10519	B	007	007	007	007	2019-05-07	NA	US	MI	?	?	?	07-May-2019	USA: Michigan
MN307154.1	MN307154.1	Human adenovirus 7 strain HAdV-B/USA_MI/8596/2019/P7H7F7, complete genome	10519	B	007	007	007	007	2019-04-03	NA	US	MI	?	?	?	03-Apr-2019	USA: Michigan
MN307148.1	MN307148.1	Human adenovirus 7 strain HAdV-B/USA_MD/6201/2018/P7H7F7, complete genome	10519	B	007	007	007	007	2018-11-30	NA	US	MD	?	?	?	30-Nov-2018	USA: Maryland
MN307146.1	MN307146.1	Human adenovirus 7 strain HAdV-B/USA_MD/9631/2018/P7H7F7, complete genome	10519	B	007	007	007	007	2018-10-29	NA	US	MD	?	?	?	29-Oct-2018	USA: Maryland
MH910662.1	MH910662.1	Human adenovirus 7 strain HAdV-B/USA/S 1058/1955, complete genome	10519	B	007	007	007	007	1955-01-01	NA	US	MD	?	?	?	1955	USA: Maryland
MN307147.1	MN307147.1	Human adenovirus 7 strain HAdV-B/USA_MD/9630/2018/P7H7F7, complete genome	10519	B	007	007	007	007	2018-11-15	NA	US	MD	?	?	?	15-Nov-2018	USA: Maryland
MH910664.1	MH910664.1	Human adenovirus 7 strain HAdV-B/USA/25-625/1997, complete genome	10519	B	007	007	007	007	1997-01-01	NA	US	IL	?	?	?	1997	USA: Illinois
MH910663.1	MH910663.1	Human adenovirus 7 strain HAdV-B/USA/750/1997, complete genome	10519	B	007	007	007	007	1997-01-01	NA	US	IL	?	?	?	1997	USA: Illinois
JX423387.1	JX423387.1	Human adenovirus B strain human/USA/ak39_AdV7d2/1997/7[P7H7F7], complete genome	108098	B	007	007	007	007	1997-09-01	NA	US	?	?	?	?	01-Sep-1997	USA: Illinios
JX423388.1	JX423388.1	Human adenovirus B strain human/USA/ak40_AdV7b/1997/7[P7H7F7], complete genome	108098	B	007	007	007	007	1997-08-01	NA	US	?	?	?	?	01-Aug-1997	USA: Illinios
MH910666.1	MH910666.1	Human adenovirus 7 strain HAdV-B/USA/V9368/1996, complete genome	10519	B	007	007	007	007	1996-01-01	NA	US	GA	?	?	?	1996	USA: Georgia
MK492257.1	MK492257.1	Human adenovirus 7 strain HAdV-B/NW-14993/Illinois/USA/2017/P7H7F7, complete genome	10519	B	007	007	007	007	2017-02-01	NA	US	?	?	?	?	Feb-2017	USA
MK492255.1	MK492255.1	Human adenovirus 7 strain HAdV-B/NW-MM/Illinois/USA/2014/P7H7F7, complete genome	10519	B	007	007	007	007	2014-12-01	NA	US	?	?	?	?	Dec-2014	USA
MK492256.1	MK492256.1	Human adenovirus 7 strain HAdV-B/NW-VM/Illinois/USA/2014/P7H7F7, complete genome	10519	B	007	007	007	007	2014-12-01	NA	US	?	?	?	?	Dec-2014	USA
MH697604.1	MH697604.1	Human adenovirus 7 strain HAdV-B/USA_VA/1404/2017/P7H7F7, complete genome	10519	B	007	007	007	007	2017-07-30	NA	US	?	?	?	?	30-Jul-2017	USA
MH697603.1	MH697603.1	Human adenovirus 7 strain HAdV-B/USA_VA/1403/2017/P7H7F7, complete genome	10519	B	007	007	007	007	2017-07-25	NA	US	?	?	?	?	25-Jul-2017	USA
JN860677.1	JN860677.1	Human adenovirus 7d2 strain FS2154, complete genome	326124	B	007	007	007	007	2009-01-01	NA	US	?	?	?	?	2009	USA
MH262321.1	MH262321.1	Human adenovirus 7 strain HAdV-B/USA_NJ/5649/2016/P7H7F7, complete genome	10519	B	007	007	007	007	2016-12-19	NA	US	?	?	?	?	19-Dec-2016	USA
MH262323.1	MH262323.1	Human adenovirus 7 strain HAdV-B/USA_NJ/6295/2017/P7H7F7, complete genome	10519	B	007	007	007	007	2017-02-16	NA	US	?	?	?	?	16-Feb-2017	USA
MH262322.1	MH262322.1	Human adenovirus 7 strain HAdV-B/USA_NJ/6294/2017/P7H7F7, complete genome	10519	B	007	007	007	007	2017-02-15	NA	US	?	?	?	?	15-Feb-2017	USA
MH262319.1	MH262319.1	Human adenovirus 7 strain HAdV-B/USA_NJ/5645/2016/P7H7F7, complete genome	10519	B	007	007	007	007	2016-12-14	NA	US	?	?	?	?	14-Dec-2016	USA
MH262320.1	MH262320.1	Human adenovirus 7 strain HAdV-B/USA_NJ/5646/2016/P7H7F7, complete genome	10519	B	007	007	007	007	2016-12-14	NA	US	?	?	?	?	14-Dec-2016	USA
MH262318.1	MH262318.1	Human adenovirus 7 strain HAdV-B/USA_NJ/5644/2016/P7H7F7, complete genome	10519	B	007	007	007	007	2016-12-12	NA	US	?	?	?	?	12-Dec-2016	USA
MH262326.1	MH262326.1	Human adenovirus 7 strain HAdV-B/USA_PA/1201/2017/P7H7F7, complete genome	10519	B	007	007	007	007	2017-01-11	NA	US	?	?	?	?	11-Jan-2017	USA
MH697602.1	MH697602.1	Human adenovirus 7 strain HAdV-B/USA_VA/5799/2017/P7H7F7, complete genome	10519	B	007	007	007	007	2017-08-11	NA	US	?	?	?	?	11-Aug-2017	USA
MH262325.1	MH262325.1	Human adenovirus 7 strain HAdV-B/USA_PA/1200/2017/P7H7F7, complete genome	10519	B	007	007	007	007	2017-01-10	NA	US	?	?	?	?	10-Jan-2017	USA
MH697607.1	MH697607.1	Human adenovirus 7 strain HAdV-B/USA_PA/5803/2017/P7H7F7, complete genome	10519	B	007	007	007	007	2017-08-10	NA	US	?	?	?	?	10-Aug-2017	USA
MH262324.1	MH262324.1	Human adenovirus 7 strain HAdV-B/USA_NJ/6296/2017/P7H7F7, complete genome	10519	B	007	007	007	007	2017-02-09	NA	US	?	?	?	?	09-Feb-2017	USA
MH697606.1	MH697606.1	Human adenovirus 7 strain HAdV-B/USA_VA/5801/2017/P7H7F7, complete genome	10519	B	007	007	007	007	2017-08-09	NA	US	?	?	?	?	09-Aug-2017	USA
MH697601.1	MH697601.1	Human adenovirus 7 strain HAdV-B/USA_VA/5682/2017/P7H7F7, complete genome	10519	B	007	007	007	007	2017-08-03	NA	US	?	?	?	?	03-Aug-2017	USA
MH697605.1	MH697605.1	Human adenovirus 7 strain HAdV-B/USA_VA/5677/2017/P7H7F7, complete genome	10519	B	007	007	007	007	2017-08-02	NA	US	?	?	?	?	02-Aug-2017	USA
MH697600.1	MH697600.1	Human adenovirus 7 strain HAdV-B/USA_VA/5675/2017/P7H7F7, complete genome	10519	B	007	007	007	007	2017-08-01	NA	US	?	?	?	?	01-Aug-2017	USA
KU361344.1	KU361344.1	Human adenovirus 7 strain 19BOVLB/Volgograd/Rus/2014, complete genome	10519	B	007	007	007	007	2014-03-19	EU	RU	?	?	?	?	19-Mar-2014	Russia: Volgograd province
MG923582.1	MG923582.1	Human adenovirus 7 strain hAdV/Saint-Petersburg/43/2013, complete genome	10519	B	007	007	007	007	2013-09-16	EU	RU	66	?	?	?	16-Sep-2013	Russia: Saint Petersburg
LC530212.1	LC530212.1	Human adenovirus 7 293 DNA, complete genome	10519	B	007	007	007	007	2018-01-01	AS	JP	24	?	?	?	2018	Japan:Sendai
MN531562.1	MN531562.1	Human mastadenovirus B strain HAdV 7/Haiti-0707/2014, complete genome	108098	B	007	007	007	007	2014-11-17	NA	HT	?	?	?	?	17-Nov-2014	Haiti
JF800905.1	JF800905.1	Human adenovirus 7 strain 0901HZ/ShX/CHN/2009, complete genome	10519	B	007	007	007	007	2009-01-08	AS	CN	?	?	?	?	08-Jan-2009	China: Shaanxi Province
KF268316.1	KF268316.1	Human adenovirus B strain human/CHN/a238/2011/7[P7H7F7], complete genome	108098	B	007	007	007	007	2011-10-08	AS	CN	30	?	?	?	08-Oct-2011	China: Guangzhou
JX625134.1	JX625134.1	Human adenovirus 7 isolate CQ1198, complete genome	10519	B	007	007	007	007	2010-11-01	AS	CN	?	?	?	?	Nov-2010	China
HQ659699.1	HQ659699.1	Human adenovirus 7 strain gz07, complete genome	10519	B	007	007	007	007	2007-11-01	AS	CN	?	?	?	?	Nov-2007	China
MG736304.1	MG736304.1	Human adenovirus 7 isolate X10s, complete genome	10519	B	007	007	007	007	2017-04-30	AS	CN	?	?	?	?	30-Apr-2017	China
MG736303.1	MG736303.1	Human adenovirus 7 isolate X07s, complete genome	10519	B	007	007	007	007	2017-04-28	AS	CN	?	?	?	?	28-Apr-2017	China
KP670860.1	KP670860.1	Human adenovirus 7 strain human/CHN/GZ8546/2012/7[P7H7F7], complete genome	10519	B	007	007	007	007	2012-04-26	AS	CN	?	?	?	?	26-Apr-2012	China
MK836313.1	MK836313.1	Human mastadenovirus B isolate human/China/Shanghai/3426/2011/7[P7H7F7], complete genome	108098	B	007	007	007	007	2011-04-26	AS	CN	?	?	?	?	26-Apr-2011	China
KC857700.1	KC857700.1	Human adenovirus 7 strain HAdV B7 XZ2011-93, complete genome	10519	B	007	007	007	007	2012-01-25	AS	CN	?	?	?	?	25-Jan-2012	China
KP896479.1	KP896479.1	Human adenovirus 7 strain Hubei/JZ01/2013, complete genome	10519	B	007	007	007	007	2013-02-25	AS	CN	?	?	?	?	25-Feb-2013	China
MK836312.1	MK836312.1	Human mastadenovirus B isolate Human/China/Shanghai/3418/2011/7[P7H7F7], complete genome	108098	B	007	007	007	007	2011-04-22	AS	CN	?	?	?	?	22-Apr-2011	China
MN164629.1	MN164629.1	Human adenovirus 7 isolate A549, complete genome	10519	B	007	007	007	007	2018-01-01	AS	CN	?	?	?	?	2018	China
MN135993.1	MN135993.1	Human adenovirus 7 strain 163, complete genome	10519	B	007	007	007	007	2018-01-01	AS	CN	?	?	?	?	2018	China
KX897164.1	KX897164.1	Human adenovirus 7 isolate Z9/WH/CHN/2015 complete genome, complete genome	10519	B	007	007	007	007	2015-01-01	AS	CN	?	?	?	?	2015	China
KJ019886.1	KJ019886.1	Human adenovirus 7 strain H18/JM/CHN/2013, complete genome	10519	B	007	007	007	007	2013-01-01	AS	CN	?	?	?	?	2013	China
KJ019887.1	KJ019887.1	Human adenovirus 7 strain JM11/JM/CHN/2013, complete genome	10519	B	007	007	007	007	2013-01-01	AS	CN	?	?	?	?	2013	China
KJ019883.1	KJ019883.1	Human adenovirus 7 strain K22/JM/CHN/2013, complete genome	10519	B	007	007	007	007	2013-01-01	AS	CN	?	?	?	?	2013	China
KJ019879.1	KJ019879.1	Human adenovirus 7 strain XY6/XY/CHN/2013, complete genome	10519	B	007	007	007	007	2013-01-01	AS	CN	?	?	?	?	2013	China
KJ019884.1	KJ019884.1	Human adenovirus 7 strain CDC228/JM/CHN/2012, complete genome	10519	B	007	007	007	007	2012-01-01	AS	CN	?	?	?	?	2012	China
KJ019885.1	KJ019885.1	Human adenovirus 7 strain H12/JM/CHN/2012, complete genome	10519	B	007	007	007	007	2012-01-01	AS	CN	?	?	?	?	2012	China
KJ019882.1	KJ019882.1	Human adenovirus 7 strain K57/JM/CHN/2012, complete genome	10519	B	007	007	007	007	2012-01-01	AS	CN	?	?	?	?	2012	China
KJ019888.1	KJ019888.1	Human adenovirus 7 strain L14/XY/CHN/2012, complete genome	10519	B	007	007	007	007	2012-01-01	AS	CN	?	?	?	?	2012	China
KJ019881.1	KJ019881.1	Human adenovirus 7 strain L34/XY/CHN/2012, complete genome	10519	B	007	007	007	007	2012-01-01	AS	CN	?	?	?	?	2012	China
KJ019880.1	KJ019880.1	Human adenovirus 7 strain XY1/XY/CHN/2012, complete genome	10519	B	007	007	007	007	2012-01-01	AS	CN	?	?	?	?	2012	China
KP670858.1	KP670858.1	Human adenovirus 7 strain human/CHN/GZ6080/2010/7[P7H7F7], complete genome	10519	B	007	007	007	007	2010-07-20	AS	CN	?	?	?	?	20-Jul-2010	China
KP896480.1	KP896480.1	Human adenovirus 7 strain Shanxi/TY01/2013, complete genome	10519	B	007	007	007	007	2013-01-19	AS	CN	?	?	?	?	19-Jan-2013	China
KP896481.1	KP896481.1	Human adenovirus 7 strain Hubei/XF/2013, complete genome	10519	B	007	007	007	007	2013-01-18	AS	CN	?	?	?	?	18-Jan-2013	China
MK896857.1	MK896857.1	Human mastadenovirus B isolate Human/China/Shanghai/8473/2016/7[P7H7F7], complete genome	108098	B	007	007	007	007	2016-01-15	AS	CN	?	?	?	?	15-Jan-2016	China
MK883612.1	MK883612.1	Human mastadenovirus B isolate Human/China/Shanghai/6138/7/2014[P7H7F7], complete genome	108098	B	007	007	007	007	2014-01-13	AS	CN	?	?	?	?	13-Jan-2014	China
KP670856.2	KP670856.2	Human adenovirus 7 strain human/CHN/GZ6965/2011/7[P7H7F7], complete genome	10519	B	007	007	007	007	2011-05-12	AS	CN	?	?	?	?	12-May-2011	China
KP670857.1	KP670857.1	Human adenovirus 7 strain human/CHN/GZ6784/2011/7[P7H7F7], complete genome	10519	B	007	007	007	007	2011-03-09	AS	CN	?	?	?	?	09-Mar-2011	China
KP670855.2	KP670855.2	Human adenovirus 7 strain human/CHN/GZ7015/2011/7[P7H7F7], complete genome	10519	B	007	007	007	007	2011-07-08	AS	CN	?	?	?	?	08-Jul-2011	China
KP670861.1	KP670861.1	Human adenovirus 7 strain human/CHN/GZ7052/2011/7[P7H7F7], complete genome	10519	B	007	007	007	007	2011-08-08	AS	CN	?	?	?	?	08-Aug-2011	China
MK883609.1	MK883609.1	Human mastadenovirus B isolate Human/China/Shanghai/4746/2013/7[P7H7F7], complete genome	108098	B	007	007	007	007	2013-04-07	AS	CN	?	?	?	?	07-Apr-2013	China
KC440171.1	KC440171.1	Human adenovirus 7 strain human/CHN/DG01/2011/7[P7H7F7], complete genome	10519	B	007	007	007	007	2011-03-06	AS	CN	?	?	?	?	06-Mar-2011	China
KP670859.1	KP670859.1	Human adenovirus 7 strain human/CHN/GZ8987/2012/7[P7H7F7], complete genome	10519	B	007	007	007	007	2012-08-04	AS	CN	?	?	?	?	04-Aug-2012	China
MH355567.1	MH355567.1	Human adenovirus 7 strain BJ/CHN/2018, complete genome	10519	B	007	007	007	007	2018-01-01	AS	CN	?	?	?	?	01-Jan-2018	China
GQ478341.1	GQ478341.1	Human adenovirus 7 strain GZ08, complete genome	10519	B	007	007	007	007	2008-02-01	AS	CN	?	?	?	?	01-Feb-2008	China
JX423386.1	JX423386.1	Human adenovirus B strain human/ARG/ak38_AdV7h/2003/7[P7H7F7], complete genome	108098	B	007	007	007	007	2003-01-01	SA	AR	?	?	?	?	01-Jan-2003	Argentina
AY594255.1	AY594255.1	Human adenovirus type 7 strain Gomen, complete genome	10519	B	007	007	007	007	1953-01-01	NA	US	?	?	?	?	?	?
KF268314.1	KF268314.1	Human adenovirus B strain human/CHN/DG/2011/7[P7H7F7], complete genome	108098	B	007	007	007	007	2011-03-05	AS	CN	?	?	?	8721551	05-Mar-2011	China: Dongguan
MN431241.1	MN431241.1	Human adenovirus D8 isolate VN2017, complete genome	31545	D	008	008	008	008	2017-01-01	AS	VN	?	?	?	?	2017	Viet Nam
KF429751.1	KF429751.1	Human adenovirus D strain human/USA/Pitts_00132/1992/8[P8H8F8], complete genome	130310	D	008	008	008	008	1992-01-01	NA	US	PA	003	?	?	1992	USA: Pittsburgh, Pennsylvania
KT340055.1	KT340055.1	Human adenovirus D8 isolate NYS05_2091, complete genome	31545	D	008	008	008	008	2012-01-01	NA	US	?	?	?	?	2012	USA
KT340070.1	KT340070.1	Human adenovirus D8 isolate NYS12_13421, complete genome	31545	D	008	008	008	008	2012-01-01	NA	US	?	?	?	?	2012	USA
KT340056.1	KT340056.1	Human adenovirus D8 isolate NYS12_4716, complete genome	31545	D	008	008	008	008	2012-01-01	NA	US	?	?	?	?	2012	USA
KT340057.1	KT340057.1	Human adenovirus D8 isolate NYS12_4717, complete genome	31545	D	008	008	008	008	2012-01-01	NA	US	?	?	?	?	2012	USA
KT340058.1	KT340058.1	Human adenovirus D8 isolate NYS12_4718, complete genome	31545	D	008	008	008	008	2012-01-01	NA	US	?	?	?	?	2012	USA
KT340059.1	KT340059.1	Human adenovirus D8 isolate NYS12_4719, complete genome	31545	D	008	008	008	008	2012-01-01	NA	US	?	?	?	?	2012	USA
KT340060.1	KT340060.1	Human adenovirus D8 isolate NYS12_4720, complete genome	31545	D	008	008	008	008	2012-01-01	NA	US	?	?	?	?	2012	USA
KT340061.1	KT340061.1	Human adenovirus D8 isolate NYS12_4721, complete genome	31545	D	008	008	008	008	2012-01-01	NA	US	?	?	?	?	2012	USA
KT340062.1	KT340062.1	Human adenovirus D8 isolate NYS12_5493, complete genome	31545	D	008	008	008	008	2012-01-01	NA	US	?	?	?	?	2012	USA
KT340063.1	KT340063.1	Human adenovirus D8 isolate NYS12_5670, complete genome	31545	D	008	008	008	008	2012-01-01	NA	US	?	?	?	?	2012	USA
KT340064.1	KT340064.1	Human adenovirus D8 isolate NYS12_5671, complete genome	31545	D	008	008	008	008	2012-01-01	NA	US	?	?	?	?	2012	USA
KT340065.1	KT340065.1	Human adenovirus D8 isolate NYS12_5673, complete genome	31545	D	008	008	008	008	2012-01-01	NA	US	?	?	?	?	2012	USA
KT340066.1	KT340066.1	Human adenovirus D8 isolate NYS12_5676, complete genome	31545	D	008	008	008	008	2012-01-01	NA	US	?	?	?	?	2012	USA
KT340067.1	KT340067.1	Human adenovirus D8 isolate NYS12_5678, complete genome	31545	D	008	008	008	008	2012-01-01	NA	US	?	?	?	?	2012	USA
KT340068.1	KT340068.1	Human adenovirus D8 isolate NYS12_5792, complete genome	31545	D	008	008	008	008	2012-01-01	NA	US	?	?	?	?	2012	USA
KT340069.1	KT340069.1	Human adenovirus D8 isolate NYS12_6095, complete genome	31545	D	008	008	008	008	2012-01-01	NA	US	?	?	?	?	2012	USA
KT340071.1	KT340071.1	Human adenovirus D8 isolate NYS05_2088, complete genome	31545	D	008	008	008	008	2005-01-01	NA	US	?	?	?	?	2005	USA
AB897885.1	AB897885.1	Human adenovirus D8 DNA, complete genome, strain: S9	31545	D	008	008	008	008	2011-01-01	AS	SA	?	?	?	?	2011	Saudi Arabia
LC215432.1	LC215432.1	Human adenovirus D8 DNA, complete genome, strain: case90_20131544	31545	D	008	008	008	008	2013-12-24	AS	JP	21	?	?	?	2013-12-24	Japan:Kumamoto
LC312462.1	LC312462.1	Human adenovirus D8 DNA, complete genome, isolate: Fukuoka_5_2014	31545	D	008	008	008	008	2014-02-18	AS	JP	07	?	?	?	2014-02-18	Japan:Fukuoka, Fukuoka University Hospital
LC312461.1	LC312461.1	Human adenovirus D8 DNA, complete genome, isolate: Fukuoka_2_2014	31545	D	008	008	008	008	2014-02-04	AS	JP	07	?	?	?	2014-02-04	Japan:Fukuoka, Fukuoka University Hospital
KT862547.1	KT862547.1	Human adenovirus D8 strain Ger/Celle/09_2014, complete genome	31545	D	008	008	008	008	2014-09-01	EU	DE	?	?	?	?	Sep-2014	Germany
KP016730.1	KP016730.1	Human adenovirus D8 strain Ger/Teltow/09_2012, complete genome	31545	D	008	008	008	008	2012-09-01	EU	DE	?	?	?	?	Sep-2012	Germany
KT862549.1	KT862549.1	Human adenovirus D8 strain Ger/Hannover/10_2014, complete genome	31545	D	008	008	008	008	2014-10-01	EU	DE	?	?	?	?	Oct-2014	Germany
KP016742.1	KP016742.1	Human adenovirus D8 strain Ger/Heidelberg/11_2013, complete genome	31545	D	008	008	008	008	2013-11-01	EU	DE	?	?	?	?	Nov-2013	Germany
KP016732.1	KP016732.1	Human adenovirus D8 strain Ger/Luneburg/11_2012, complete genome	31545	D	008	008	008	008	2012-11-01	EU	DE	?	?	?	?	Nov-2012	Germany
KP016731.1	KP016731.1	Human adenovirus D8 strain Ger/Luneburg/11_2012, complete genome	31545	D	008	008	008	008	2012-11-01	EU	DE	?	?	?	?	Nov-2012	Germany
KT862548.1	KT862548.1	Human adenovirus D8 strain Ger/Krefeld/11_2005, complete genome	31545	D	008	008	008	008	2005-11-01	EU	DE	?	?	?	?	Nov-2005	Germany
KP016727.1	KP016727.1	Human adenovirus D8 strain Ger/Celle/03_2012, complete genome	31545	D	008	008	008	008	2012-03-01	EU	DE	?	?	?	?	Mar-2012	Germany
KP016728.1	KP016728.1	Human adenovirus D8 strain Ger/Bottrop/06_2012, complete genome	31545	D	008	008	008	008	2012-06-01	EU	DE	?	?	?	?	Jun-2012	Germany
KP016720.1	KP016720.1	Human adenovirus D8 strain Ger/Celle/06_2010, complete genome	31545	D	008	008	008	008	2010-06-01	EU	DE	?	?	?	?	Jun-2010	Germany
KP016719.1	KP016719.1	Human adenovirus D8 strain Ger/Celle/06_2010, complete genome	31545	D	008	008	008	008	2010-06-01	EU	DE	?	?	?	?	Jun-2010	Germany
KP016743.1	KP016743.1	Human adenovirus D8 strain Ger/Regensburg/07_2012, complete genome	31545	D	008	008	008	008	2012-07-01	EU	DE	?	?	?	?	Jul-2012	Germany
KP016721.1	KP016721.1	Human adenovirus D8 strain Ger/Hannover/07_2010, complete genome	31545	D	008	008	008	008	2010-07-01	EU	DE	?	?	?	?	Jul-2010	Germany
KP016736.1	KP016736.1	Human adenovirus D8 strain Ger/Dortmund/01_2013, complete genome	31545	D	008	008	008	008	2013-01-01	EU	DE	?	?	?	?	Jan-2013	Germany
KP016738.1	KP016738.1	Human adenovirus D8 strain Ger/Mulheim-Ruhr/01_2013, complete genome	31545	D	008	008	008	008	2013-01-01	EU	DE	?	?	?	?	Jan-2013	Germany
KP016725.1	KP016725.1	Human adenovirus D8 strain Ger/Karlsruhe/01_2012, complete genome	31545	D	008	008	008	008	2012-01-01	EU	DE	?	?	?	?	Jan-2012	Germany
KP016740.1	KP016740.1	Human adenovirus D8 strain Ger/Bottrop/02_2013, complete genome	31545	D	008	008	008	008	2013-02-01	EU	DE	?	?	?	?	Feb-2013	Germany
KP016739.1	KP016739.1	Human adenovirus D8 strain Ger/Cottbus/02_2013, complete genome	31545	D	008	008	008	008	2013-02-01	EU	DE	?	?	?	?	Feb-2013	Germany
KP016741.1	KP016741.1	Human adenovirus D8 strain Ger/Heidelberg/12_2013, complete genome	31545	D	008	008	008	008	2013-12-01	EU	DE	?	?	?	?	Dec-2013	Germany
KP016735.1	KP016735.1	Human adenovirus D8 strain Ger/Arnsberg/12_2012, complete genome	31545	D	008	008	008	008	2012-12-01	EU	DE	?	?	?	?	Dec-2012	Germany
KP016734.1	KP016734.1	Human adenovirus D8 strain Ger/Celle/12_2012, complete genome	31545	D	008	008	008	008	2012-12-01	EU	DE	?	?	?	?	Dec-2012	Germany
KP016733.1	KP016733.1	Human adenovirus D8 strain Ger/Cologne/12_2012, complete genome	31545	D	008	008	008	008	2012-12-01	EU	DE	?	?	?	?	Dec-2012	Germany
KP016737.1	KP016737.1	Human adenovirus D8 strain Ger/Freiburg/12_2012, complete genome	31545	D	008	008	008	008	2012-12-01	EU	DE	?	?	?	?	Dec-2012	Germany
KP016724.1	KP016724.1	Human adenovirus D8 strain Ger/Bottrop/12_2011, complete genome	31545	D	008	008	008	008	2011-12-01	EU	DE	?	?	?	?	Dec-2011	Germany
KP016723.1	KP016723.1	Human adenovirus D8 strain Ger/Bottrop/12_2011, complete genome	31545	D	008	008	008	008	2011-12-01	EU	DE	?	?	?	?	Dec-2011	Germany
KP016722.1	KP016722.1	Human adenovirus D8 strain Ger/Bottrop/12_2011, complete genome	31545	D	008	008	008	008	2011-12-01	EU	DE	?	?	?	?	Dec-2011	Germany
KP016726.1	KP016726.1	Human adenovirus D8 strain Ger/Hannover/08_2012, complete genome	31545	D	008	008	008	008	2012-08-01	EU	DE	?	?	?	?	Aug-2012	Germany
KP016729.1	KP016729.1	Human adenovirus D8 strain Ger/Lanshut/08_2012, complete genome	31545	D	008	008	008	008	2012-08-01	EU	DE	?	?	?	?	Aug-2012	Germany
KT862546.1	KT862546.1	Human adenovirus D8 strain Ger/Neubrandenburg/08_2006, complete genome	31545	D	008	008	008	008	2006-08-01	EU	DE	?	?	?	?	Aug-2006	Germany
KT862545.1	KT862545.1	Human adenovirus D8 strain Ger/Berlin/04_2003, complete genome	31545	D	008	008	008	008	2003-04-01	EU	DE	?	?	?	?	Apr-2003	Germany
KF268121.1	KF268121.1	Human adenovirus B strain human/USA/UFL_Adv11/2005/11[P11H11F11], complete genome	108098	B	011	011	011	011	2005-08-01	NA	US	WI	?	?	?	Aug-2005	USA: Wisconsin
KX868289.2	KX868289.2	Human adenovirus 12 isolate GyK010, complete genome	28282	A	012	012	012	012	1978-01-01	EU	SE	?	?	?	?	1978	Sweden
JN226747.1	JN226747.1	Human adenovirus 13, complete genome	46921	D	013	013	013	013	1955-01-01	NA	US	?	?	?	?	1955	USA
FJ822614.1	FJ822614.1	Human adenovirus 14 isolate Ad14-303600, complete genome	10521	B	014	014	014	014	2007-01-01	NA	US	TX	?	?	?	2007	USA: Lackland, TX
KY021429.1	KY021429.1	Human mastadenovirus B isolate HAdV-B/USA_New York/1224/2008/P14H14F14, complete genome	108098	B	014	014	014	014	2008-01-28	NA	US	?	?	?	?	28-Jan-2008	USA
KY021431.1	KY021431.1	Human mastadenovirus B isolate HAdV-B/USA_New York/6295/2015/P14H14F14, complete genome	108098	B	014	014	014	014	2015-02-27	NA	US	?	?	?	?	27-Feb-2015	USA
MH546114.1	MH546114.1	Human mastadenovirus B isolate 70536, complete genome	108098	B	014	014	014	014	2017-07-25	NA	US	?	?	?	?	25-Jul-2017	USA
MH668280.1	MH668280.1	Human mastadenovirus B isolate 75658, complete genome	108098	B	014	014	014	014	2017-07-25	NA	US	?	?	?	?	25-Jul-2017	USA
MH669071.1	MH669071.1	Human mastadenovirus B isolate HAdV-B/USA_Pennsylvania/VT5079/2009/P14H14F14, complete genome	108098	B	014	014	014	014	2009-01-01	NA	US	?	?	?	?	2009	USA
KY021430.1	KY021430.1	Human mastadenovirus B isolate HAdV-B/USA_New York/5491/2015/P14H14F14, complete genome	108098	B	014	014	014	014	2015-02-15	NA	US	?	?	?	?	15-Feb-2015	USA
MH669070.1	MH669070.1	Human mastadenovirus B isolate HAdV-B/USA_New_York/1550/2006/P14H14F14, complete genome	108098	B	014	014	014	014	2006-05-14	NA	US	?	?	?	?	14-May-2006	USA
MH546113.1	MH546113.1	Human mastadenovirus B isolate 75657, complete genome	108098	B	014	014	014	014	2017-07-13	NA	US	?	?	?	?	13-Jul-2017	USA
KY021432.1	KY021432.1	Human mastadenovirus B isolate HAdV-B/USA_New York/45278/2015/P14H14F14, complete genome	108098	B	014	014	014	014	2015-05-05	NA	US	?	?	?	?	05-May-2015	USA
MH668281.1	MH668281.1	Human mastadenovirus B isolate 75668, complete genome	108098	B	014	014	014	014	2017-08-03	NA	US	?	?	?	?	03-Aug-2017	USA
KP896482.1	KP896482.1	Human adenovirus 14 strain Gansu/DH01/2013, complete genome	10521	B	014	014	014	014	2013-01-23	AS	CN	?	?	?	?	23-Jan-2013	China
JN032132.1	JN032132.1	Human adenovirus 14 strain HAdV14-BJ430/CHN2010, complete genome	10521	B	014	014	014	014	2011-10-22	AS	CN	?	?	?	?	22-Oct-2011	China
MF062484.1	MF062484.1	Human adenovirus 14 isolate HAdV-B/CHN/GZ02-6161/2010/14[P14H14F14], complete genome	10521	B	014	014	014	014	2010-09-09	AS	CN	?	?	?	?	09-Sep-2010	China
JQ824845.1	JQ824845.1	Human adenovirus 14 isolate HAdV-B/CHN/GZ01/2010/14[P14H14F14], complete genome	10521	B	014	014	014	014	2010-10-07	AS	CN	?	?	?	?	07-Oct-2010	China
JX892927.2	JX892927.2	Human adenovirus 14 isolate CHN 2012, complete genome	10521	B	014	014	014	014	2012-02-01	AS	CN	?	?	?	?	01-Feb-2012	China
KY021426.1	KY021426.1	Human mastadenovirus B isolate HAdV-B/CAN_New Brunswick/VC5093R/2011/P14H14F14, complete genome	108098	B	014	014	014	014	2011-01-01	NA	CA	?	?	?	?	2011	Canada
KY021428.1	KY021428.1	Human mastadenovirus B isolate HAdVB/CAN_New Brunswick/VC50585/2011/P14H14F14, complete genome	108098	B	014	014	014	014	2011-01-01	NA	CA	?	?	?	?	2011	Canada
KY021427.1	KY021427.1	Human mastadenovirus B isolate HAdVB/CAN_New Brunswick/VC5600R/2011/P14H14F14, complete genome	108098	B	014	014	014	014	2011-01-01	NA	CA	?	?	?	?	2011	Canada
JX423384.1	JX423384.1	Human adenovirus B strain human/ARG/ak36_AdV11a/2005/55[P14H11F14], complete genome	108098	B	014	014	014	014	2005-01-01	SA	AR	?	?	?	?	01-Jan-2005	Argentina
MH669072.1	MH669072.1	Human mastadenovirus B isolate HAdV-B/USA_Pennsylvania/VT7536/2009/P14H14F14, complete genome	108098	B	014	014	014	014	2009-01-01	NA	US	?	?	?	?	2009	?
MH669073.1	MH669073.1	Human mastadenovirus B isolate HAdV-B/USA_Pennsylvania/VT7603/2009/P14H14F14, complete genome	108098	B	014	014	014	014	2009-01-01	NA	US	?	?	?	?	?	?
KF268204.1	KF268204.1	Human adenovirus D strain human/DEU/HEIM_00082/1988/15[P15H15F15], complete genome	130310	D	015	015	015	015	1988-05-20	EU	DE	?	?	?	?	20-May-1988	Germany
HQ910407.1	HQ910407.1	Human adenovirus 17 isolate D17, complete genome	46922	D	017	017	017	017	1955-01-01	AS	SA	?	?	?	?	1955	Saudi Arabia
GU191019.1	GU191019.1	Human adenovirus 18 isolate D.C., complete genome	10528	A	018	018	018	018	1954-01-01	NA	US	?	?	?	?	1954	USA: Washington D.C.
AB448773.1	AB448773.1	Human adenovirus 19 genomic DNA, complete genome, isolate: 1997	28278	D	019	019	019	019	1997-01-01	AS	JP	?	?	?	?	?	?
AB448774.1	AB448774.1	Human adenovirus 19 genomic DNA, complete genome, isolate: 2001	28278	D	019	019	019	019	2001-01-01	AS	JP	?	?	?	?	?	?
JN226749.1	JN226749.1	Human adenovirus 20, complete genome	46923	D	020	020	020	020	1955-01-01	AS	SA	?	?	?	?	1955	Saudi Arabia
KJ364579.1	KJ364579.1	Human adenovirus 21 strain CDC V1375E, complete genome	32608	B	021	021	021	021	1984-01-01	NA	US	UT	?	?	?	1984	USA: UT
KJ364577.1	KJ364577.1	Human adenovirus 21 strain CDC RU8176, complete genome	32608	B	021	021	021	021	1978-01-01	NA	US	TN	?	?	?	1978	USA: TN
KJ364586.1	KJ364586.1	Human adenovirus 21 strain NHRC 10030, complete genome	32608	B	021	021	021	021	1998-01-01	NA	US	IL	?	?	?	1998	USA: NRTC Great Lakes, IL
KJ364578.1	KJ364578.1	Human adenovirus 21 strain NHRC 5, complete genome	32608	B	021	021	021	021	1996-01-01	NA	US	IL	?	?	?	1996	USA: NRTC Great Lakes, IL
KJ364580.1	KJ364580.1	Human adenovirus 21 strain NHRC 20007, complete genome	32608	B	021	021	021	021	1998-01-01	NA	US	CA	?	?	?	1998	USA: MCRD San Diego, CA
KJ364584.1	KJ364584.1	Human adenovirus 21 strain NHRC 71227, complete genome	32608	B	021	021	021	021	2005-01-01	NA	US	SC	?	?	?	2005	USA: MCRD Parris Island, SC
KJ364585.1	KJ364585.1	Human adenovirus 21 strain NHRC 71252, complete genome	32608	B	021	021	021	021	2005-01-01	NA	US	SC	?	?	?	2005	USA: MCRD Parris Island, SC
KJ364583.1	KJ364583.1	Human adenovirus 21 strain NHRC 71139, complete genome	32608	B	021	021	021	021	2004-01-01	NA	US	SC	?	?	?	2004	USA: MCRD Parris Island, SC
KJ364581.1	KJ364581.1	Human adenovirus 21 strain NHRC 52331, complete genome	32608	B	021	021	021	021	2006-01-01	NA	US	TX	?	?	?	2006	USA: Lackland AFB, TX
KJ364573.1	KJ364573.1	Human adenovirus 21 strain NHRC 32389, complete genome	32608	B	021	021	021	021	2005-01-01	NA	US	MO	?	?	?	2005	USA: FT Leonard Wood, MO
KJ364574.1	KJ364574.1	Human adenovirus 21 strain NHRC 32493, complete genome	32608	B	021	021	021	021	2005-01-01	NA	US	MO	?	?	?	2005	USA: FT Leonard Wood, MO
KJ364576.1	KJ364576.1	Human adenovirus 21 strain NHRC 44288, complete genome	32608	B	021	021	021	021	2006-01-01	NA	US	SC	?	?	?	2006	USA: FT Jackson, SC
KJ364582.1	KJ364582.1	Human adenovirus 21 strain NHRC 64589, complete genome	32608	B	021	021	021	021	2007-01-01	NA	US	GA	?	?	?	2007	USA: Ft Benning, GA
KJ364575.1	KJ364575.1	Human adenovirus 21 strain NHRC 63218, complete genome	32608	B	021	021	021	021	2006-01-01	NA	US	GA	?	?	?	2006	USA: FT Benning, GA
KJ364588.1	KJ364588.1	Human adenovirus 21 strain CDC V2148A, complete genome	32608	B	021	021	021	021	1988-01-01	NA	US	CT	?	?	?	1988	USA: CT
KJ364590.1	KJ364590.1	Human adenovirus 21 strain NHRC 91447, complete genome	32608	B	021	021	021	021	2007-01-01	NA	US	NJ	?	?	?	2007	USA: CGTC Cape May, NJ
KJ364592.1	KJ364592.1	Human adenovirus 21 strain VRDL T98-1269, complete genome	32608	B	021	021	021	021	1998-01-01	NA	US	CA	?	?	?	1998	USA: CA
KJ364589.1	KJ364589.1	Human adenovirus 21 strain VRDL T97-1745, complete genome	32608	B	021	021	021	021	1997-01-01	NA	US	CA	?	?	?	1997	USA: CA
KJ364591.1	KJ364591.1	Human adenovirus 21 strain VRDL T87-0342, complete genome	32608	B	021	021	021	021	1987-01-01	NA	US	CA	?	?	?	1987	USA: CA
MF502426.1	MF502426.1	Human adenovirus 21 isolate OHT-006, complete genome	32608	B	021	021	021	021	2016-04-01	NA	US	?	?	?	?	Apr-2016	USA
KY307859.1	KY307859.1	Human adenovirus 21a isolate LRTI-9, complete genome	1521028	B	021	021	021	021	2016-01-01	EU	CH	BE	?	?	?	2016	Switzerland: Bern
KY307857.1	KY307857.1	Human adenovirus 21a isolate LRTI-7, complete genome	1521028	B	021	021	021	021	2013-01-01	EU	CH	BE	?	?	?	2013	Switzerland: Bern
KY307860.1	KY307860.1	Human adenovirus 21a isolate Sibu-97, complete genome	1521028	B	021	021	021	021	1997-01-01	AS	MY	11	?	?	?	1997	Malaysia: Sarawak
KF802425.1	KF802425.1	Human adenovirus 21a isolate LRTI-5, complete genome	1521028	B	021	021	021	021	2012-11-01	EU	DE	?	?	?	?	Nov-2012	Germany
KF577597.1	KF577597.1	Human adenovirus 21a isolate LRTI-5, complete genome	1521028	B	021	021	021	021	2012-11-01	EU	DE	?	?	?	?	Nov-2012	Germany
KF938576.1	KF938576.1	Human adenovirus 21a isolate LRTI-4, complete genome	1521028	B	021	021	021	021	2012-05-01	EU	DE	?	?	?	?	May-2012	Germany
KF938575.1	KF938575.1	Human adenovirus 21a isolate LRTI-4, complete genome	1521028	B	021	021	021	021	2012-05-01	EU	DE	?	?	?	?	May-2012	Germany
KF577599.1	KF577599.1	Human adenovirus 21a isolate LRTI-1, complete genome	1521028	B	021	021	021	021	2005-05-01	EU	DE	?	?	?	?	May-2005	Germany
KF577595.1	KF577595.1	Human adenovirus 21a isolate LRTI-1, complete genome	1521028	B	021	021	021	021	2005-05-01	EU	DE	?	?	?	?	May-2005	Germany
KF577593.1	KF577593.1	Human adenovirus 21a isolate LRTI-3, complete genome	1521028	B	021	021	021	021	2010-07-01	EU	DE	?	?	?	?	Jul-2010	Germany
KF577598.1	KF577598.1	Human adenovirus 21a isolate LRTI-6, complete genome	1521028	B	021	021	021	021	2013-02-01	EU	DE	?	?	?	?	Feb-2013	Germany
KF802426.1	KF802426.1	Human adenovirus 21a isolate LRTI-2, complete genome	1521028	B	021	021	021	021	2008-08-01	EU	DE	?	?	?	?	Aug-2008	Germany
KY307858.1	KY307858.1	Human adenovirus 21a isolate LRTI-8, complete genome	1521028	B	021	021	021	021	2016-01-01	EU	DE	?	?	?	?	2016	Germany
MN686206.1	MN686206.1	Human adenovirus 21a isolate human/CHN/BB/201903/21, complete genome	1521028	B	021	021	021	021	2019-03-01	AS	CN	?	?	?	?	Mar-2019	China: Bengbu City
FJ404771.1	FJ404771.1	Human adenovirus 22 isolate AV-2711, complete genome	46924	D	022	022	022	022	1956-01-01	AS	SA	?	?	?	?	1956	Saudi Arabia
FJ619037.1	FJ619037.1	Human adenovirus 22 strain AV-2711, complete genome	46924	D	022	022	022	022	1956-01-01	AS	SA	?	?	?	?	1956	Saudi Arabia
KF279629.1	KF279629.1	Human adenovirus 23 isolate Aids32/Manchester/1993, complete genome	46925	D	023	023	023	023	1993-01-01	EU	GB	?	?	?	?	1993	United Kingdom
JN226750.1	JN226750.1	Human adenovirus 23, complete genome	46925	D	023	023	023	023	1956-01-01	AS	SA	?	?	?	?	1956	Saudi Arabia
JN226751.1	JN226751.1	Human adenovirus 24, complete genome	46926	D	024	024	024	024	1956-01-01	AS	SA	?	?	?	?	1956	Saudi Arabia
JN226752.1	JN226752.1	Human adenovirus 25, complete genome	46927	D	025	025	025	025	1956-01-01	NA	US	?	?	?	?	1956	USA
JN226753.1	JN226753.1	Human adenovirus 27, complete genome	46929	D	027	027	027	027	1958-01-01	NA	US	?	?	?	?	1958	USA
JN226754.1	JN226754.1	Human adenovirus 29, complete genome	46931	D	029	029	029	029	1959-01-01	NA	US	?	?	?	?	1959	USA
JN226755.1	JN226755.1	Human adenovirus 30 isolate USA/BP-7-1/1959/30 [P30H30F30], complete genome	46932	D	030	030	030	030	1959-01-01	NA	US	?	?	?	?	1959	USA
KF268119.1	KF268119.1	Human adenovirus A strain human/USA/UFL_Adv31/2005/31[P31H31F31], complete genome	129875	A	031	031	031	031	2005-01-01	NA	US	CO	?	?	?	Jan-2005	USA: Colorado
MG872324.1	MG872324.1	Human adenovirus 31 isolate S75/2012, complete genome	10529	A	031	031	031	031	2012-01-01	AF	TN	?	?	?	?	2012	Tunisia
KF268196.1	KF268196.1	Human adenovirus B strain human/USA/UFL_Adv34/2005/34[P34/H34/F34], complete genome	108098	B	034	034	034	034	2005-10-01	NA	US	TX	?	?	?	Oct-2005	USA: Texas
GQ384080.1	GQ384080.1	Human adenovirus 36 from USA, complete genome	46936	D	036	036	036	036	2008-01-01	NA	US	?	?	?	?	2008	USA
KF268122.1	KF268122.1	Human adenovirus D strain human/USA/CL_47/1989/37[P37/H37/F37], complete genome	130310	D	037	037	037	037	1989-01-01	NA	US	PA	003	?	?	1989	USA: Pittsburgh, Pennsylvania
LC215444.1	LC215444.1	Human adenovirus D37 DNA, complete genome, strain: case140_20141501	52275	D	037	037	037	037	2014-03-27	AS	JP	21	?	?	?	2014-03-27	Japan:Kumamoto
LC215443.1	LC215443.1	Human adenovirus D37 DNA, complete genome, strain: case136_20131618	52275	D	037	037	037	037	2014-03-25	AS	JP	21	?	?	?	2014-03-25	Japan:Kumamoto
LC215441.1	LC215441.1	Human adenovirus D37 DNA, complete genome, strain: case127_20131603	52275	D	037	037	037	037	2014-03-07	AS	JP	21	?	?	?	2014-03-07	Japan:Kumamoto
LC215440.1	LC215440.1	Human adenovirus D37 DNA, complete genome, strain: case126_20131602	52275	D	037	037	037	037	2014-03-06	AS	JP	21	?	?	?	2014-03-06	Japan:Kumamoto
LC215439.1	LC215439.1	Human adenovirus D37 DNA, complete genome, strain: case124_20131598	52275	D	037	037	037	037	2014-03-03	AS	JP	21	?	?	?	2014-03-03	Japan:Kumamoto
LC215438.1	LC215438.1	Human adenovirus D37 DNA, complete genome, strain: case120_20131590	52275	D	037	037	037	037	2014-02-21	AS	JP	21	?	?	?	2014-02-21	Japan:Kumamoto
LC215437.1	LC215437.1	Human adenovirus DNA, complete genome, strain: case118_20131587	1907210	D	037	037	037	037	2014-02-17	AS	JP	21	?	?	?	2014-02-17	Japan:Kumamoto
LC215436.1	LC215436.1	Human adenovirus DNA, complete genome, strain: case113_20131581	1907210	D	037	037	037	037	2014-02-04	AS	JP	21	?	?	?	2014-02-04	Japan:Kumamoto
LC215435.1	LC215435.1	Human adenovirus DNA, complete genome, strain: case112_20131578	1907210	D	037	037	037	037	2014-01-31	AS	JP	21	?	?	?	2014-01-31	Japan:Kumamoto
LC215433.1	LC215433.1	Human adenovirus DNA, complete genome, strain: case110_20131573	1907210	D	037	037	037	037	2014-01-27	AS	JP	21	?	?	?	2014-01-27	Japan:Kumamoto
LC215434.1	LC215434.1	Human adenovirus DNA, complete genome, strain: case111_20131575	1907210	D	037	037	037	037	2014-01-27	AS	JP	21	?	?	?	2014-01-27	Japan:Kumamoto
LC215429.1	LC215429.1	Human adenovirus DNA, complete genome, strain: case67_20121578	1907210	D	037	037	037	037	2012-12-20	AS	JP	21	?	?	?	2012-12-20	Japan:Kumamoto
AB448776.1	AB448776.1	Human adenovirus 37 genomic DNA, complete genome, isolate: 1991	52275	D	037	037	037	037	1991-01-01	AS	JP	?	?	?	?	?	?
AB448777.1	AB448777.1	Human adenovirus 37 genomic DNA, complete genome, isolate: 1996	52275	D	037	037	037	037	1996-01-10	AS	JP	?	?	?	?	?	?
AB448778.1	AB448778.1	Human adenovirus 37 genomic DNA, complete genome, isolate: 2004	52275	D	037	037	037	037	2004-01-01	AS	JP	?	?	?	?	?	?
JN226760.1	JN226760.1	Human adenovirus 39, complete genome	46935	D	039	039	039	039	1977-01-01	NA	SV	?	?	?	?	1977	El Salvador
KU162869.1	KU162869.1	Human adenovirus 40 strain HoviX, complete genome	28284	F	040	040	040	040	1979-01-01	EU	FI	?	?	?	?	1979	Finland
MK883611.1	MK883611.1	Human mastadenovirus F isolate Human/China/Shanghai/FX3-1613263/F40, complete genome	130309	F	040	040	040	040	2016-03-03	AS	CN	?	?	?	?	03-Mar-2016	China
KF303071.1	KF303071.1	Human adenovirus 41 isolate 10-4851, complete genome	10524	F	041	041	041	041	2010-01-01	NA	US	?	?	?	?	2010	USA
KF303070.1	KF303070.1	Human adenovirus 41 isolate NY/2010/4845, complete genome	10524	F	041	041	041	041	2010-01-01	NA	US	?	?	?	?	2010	USA
KF303069.1	KF303069.1	Human adenovirus 41 isolate NY/2010/4849, complete genome	10524	F	041	041	041	041	2010-01-01	NA	US	?	?	?	?	2010	USA
KX868523.2	KX868523.2	Human adenovirus 41 isolate GyK253, complete genome	10524	F	041	041	041	041	2000-01-01	EU	SE	?	?	?	?	2000	Sweden
MG925782.1	MG925782.1	Human adenovirus 41 isolate MU22, complete genome	10524	F	041	041	041	041	2016-01-01	AS	IQ	?	?	?	?	2016	Iraq
MG925783.1	MG925783.1	Human adenovirus 41 isolate MU35, complete genome	10524	F	041	041	041	041	2016-01-01	AS	IQ	?	?	?	?	2016	Iraq
KY316161.1	KY316161.1	Human adenovirus 41 isolate SH/2015/D187, complete genome	10524	F	041	041	041	041	2015-03-01	AS	CN	?	?	?	?	Mar-2015	China
KY316163.1	KY316163.1	Human adenovirus 41 isolate SH/2015/D363, complete genome	10524	F	041	041	041	041	2015-06-01	AS	CN	?	?	?	?	Jun-2015	China
KY316164.1	KY316164.1	Human adenovirus 41 isolate SH/2015/D381, complete genome	10524	F	041	041	041	041	2015-07-01	AS	CN	?	?	?	?	Jul-2015	China
KY316160.1	KY316160.1	Human adenovirus 41 isolate SH/2015/D16, complete genome	10524	F	041	041	041	041	2015-01-01	AS	CN	?	?	?	?	Jan-2015	China
KY316162.1	KY316162.1	Human adenovirus 41 isolate SH/2015/D240, complete genome	10524	F	041	041	041	041	2015-04-01	AS	CN	?	?	?	?	Apr-2015	China
MH465394.1	MH465394.1	Human adenovirus 41 isolate Anhui/2018, complete genome	10524	F	041	041	041	041	2017-12-30	AS	CN	?	?	?	?	30-Dec-2017	China
MK883610.1	MK883610.1	Human mastadenovirus F isolate Human/China/Shanghai/FX1-152772/2015/41, complete genome	130309	F	041	041	041	041	2015-05-14	AS	CN	?	?	?	?	14-May-2015	China
HM565136.3	HM565136.3	Human adenovirus 41 isolate NIVD103, complete genome	10524	F	041	041	041	041	2007-09-01	AS	CN	?	?	?	?	01-Sep-2007	China
JN226761.1	JN226761.1	Human adenovirus 42, complete genome	46937	D	042	042	042	042	1982-01-01	EU	FR	?	?	?	?	1982	France
KC529648.1	KC529648.1	Human adenovirus 43 strain 1309 from USA, complete genome	46938	D	043	043	043	043	1981-01-01	NA	US	?	?	?	?	1981	USA
JN226762.1	JN226762.1	Human adenovirus 43, complete genome	46938	D	043	043	043	043	1981-01-01	NA	US	?	?	?	?	1981	USA
JN226763.1	JN226763.1	Human adenovirus 44, complete genome	46939	D	044	044	044	044	1982-01-01	NA	US	?	?	?	?	1982	USA
JN226764.1	JN226764.1	Human adenovirus 45, complete genome	46940	D	045	045	045	045	1982-01-01	NA	US	?	?	?	?	1982	USA
JN226757.1	JN226757.1	Human adenovirus 47, complete genome	46942	D	047	047	047	047	1982-01-01	NA	US	?	?	?	?	1982	USA
JN226765.1	JN226765.1	Human adenovirus 51, complete genome	245072	D	051	051	051	051	1989-01-01	EU	NL	?	?	?	?	1989	Netherlands
KF268197.1	KF268197.1	Human adenovirus D strain human/USA/UFL_Adv22/2005/53[P53/H53/F53], complete genome	130310	D	053	037	022	008	2005-01-01	NA	US	CT	?	?	?	Jan-2005	USA: Connecticut
MK116618.1	MK116618.1	Human adenovirus 53 strain USA/2017/CA-RGDS-1004, complete genome	556926	D	053	037	022	008	2017-06-30	NA	US	CA	037	?	?	30-Jun-2017	USA: CA,Los Angeles
LC215442.1	LC215442.1	Human adenovirus 53 DNA, complete genome, strain: case128_20131604	556926	D	053	037	022	008	2014-03-08	AS	JP	21	?	?	?	2014-03-08	Japan:Kumamoto
LC215428.1	LC215428.1	Human adenovirus 53 DNA, complete genome, strain: case47_20121537	556926	D	053	037	022	008	2012-09-20	AS	JP	21	?	?	?	2012-09-20	Japan:Kumamoto
LC215426.1	LC215426.1	Human adenovirus 53 DNA, complete genome, strain: case43_20121515	556926	D	053	037	022	008	2012-05-31	AS	JP	21	?	?	?	2012-05-31	Japan:Kumamoto
LC215424.1	LC215424.1	Human adenovirus 53 DNA, complete genome, strain: case28_20121506	556926	D	053	037	022	008	2012-04-12	AS	JP	21	?	?	?	2012-04-12	Japan:Kumamoto
LC215422.1	LC215422.1	Human adenovirus 53 DNA, complete genome, strain: case22_20111549	556926	D	053	037	022	008	2012-02-07	AS	JP	21	?	?	?	2012-02-07	Japan:Kumamoto
AB568097.1	AB568097.1	Human adenovirus 53 hexon gene for hexon, complete cds, strain: 53/K5/Sapporo/2007	556926	D	053	037	022	008	2007-01-01	AS	JP	12	?	?	?	2007	Japan: Sapporo
AB550823.1	AB550823.1	Human adenovirus 53 DNA, complete genome, strain: K5/Sapporo/2007	556926	D	053	037	022	008	2007-01-01	AS	JP	12	2128291	?	?	?	Japan: Hokkaido, Sapporo
AB568098.1	AB568098.1	Human adenovirus 53 hexon gene for hexon, complete cds, strain: 53/FS161/Fukui/2004	556926	D	053	037	022	008	2004-01-01	AS	JP	06	?	?	?	?	Japan: Fukui
AB568096.1	AB568096.1	Human adenovirus 53 hexon gene for hexon, complete cds, strain: 53/C075/Matsuyama/2003	556926	D	053	037	022	008	2003-01-01	AS	JP	?	?	?	?	2003	Japan
AB605244.1	AB605244.1	Human adenovirus 53 DNA, complete genome, isolate: C075/Matsuyama/2003	556926	D	053	037	022	008	2003-01-01	AS	JP	?	?	?	?	?	?
FJ169625.1	FJ169625.1	Human adenovirus D strain human/DEU/IAI-1/2005/53[P37H22F8], complete genome	130310	D	053	037	022	008	2005-01-01	EU	DE	?	?	?	?	?	?
AB605245.1	AB605245.1	Human adenovirus 53 DNA, complete genome, isolate: FS161/Fukui/2004	556926	D	053	037	022	008	2004-01-01	AS	JP	?	?	?	?	?	?
AB605246.1	AB605246.1	Human adenovirus 53 DNA, complete genome, isolate: FS165/Fukui/2004	556926	D	053	037	022	008	2004-01-01	AS	JP	?	?	?	?	?	?
AB605240.1	AB605240.1	Human adenovirus D DNA, complete genome, isolate: 870006C/Hiroshima/1987	130310	D	053	037	022	008	1987-01-01	AS	JP	?	?	?	?	?	?
AB605241.1	AB605241.1	Human adenovirus D DNA, complete genome, isolate: 880249C/Hiroshima/1988	130310	D	053	037	022	008	1988-01-01	AS	JP	?	?	?	?	?	?
AB605242.1	AB605242.1	Human adenovirus D DNA, complete genome, isolate: 890357C/Hiroshima/1989	130310	D	053	037	022	008	1989-01-01	AS	JP	?	?	?	?	?	?
AB605243.1	AB605243.1	Human adenovirus 53 DNA, complete genome, isolate: 960528C/Hiroshima/1996	556926	D	053	037	022	008	1996-01-01	AS	JP	?	?	?	?	?	?
LC215427.1	LC215427.1	Human adenovirus 54 DNA, complete genome, strain: case44_20121523	651580	D	054	054	054	008	2012-08-10	AS	JP	21	?	?	?	2012-08-10	Japan:Kumamoto
LC215423.1	LC215423.1	Human adenovirus 54 DNA, complete genome, strain: case23_20111540	651580	D	054	054	054	008	2012-01-17	AS	JP	21	?	?	?	2012-01-17	Japan:Kumamoto
LC215446.1	LC215446.1	Human adenovirus 54 DNA, complete genome, strain: case15_20111534	651580	D	054	054	054	008	2011-12-24	AS	JP	21	?	?	?	2011-12-24	Japan:Kumamoto
MT513753.1	MT513753.1	Human adenovirus 55 isolate CHOP6887, complete genome	714978	B	055	014	011	014	2006-01-01	NA	US	?	?	?	?	2006	USA
MN654392.1	MN654392.1	Human adenovirus 55 isolate CDC97026382, complete genome	714978	B	055	014	011	014	1997-01-01	NA	US	?	?	?	?	1997	USA
MN654394.1	MN654394.1	Human adenovirus 55 isolate CADOH VRDL 76-0669, complete genome	714978	B	055	014	011	014	1976-01-01	NA	US	?	?	?	?	1976	USA
MN654395.1	MN654395.1	Human adenovirus 55 isolate HAdV-11/14 strain 273, complete genome	714978	B	055	014	011	014	1969-01-01	EU	ES	?	?	?	?	1969	Spain
KX494979.1	KX494979.1	Human adenovirus 55 strain AFMC 16-0011, complete genome	714978	B	055	014	011	014	2016-02-23	AS	KR	?	?	?	?	23-Feb-2016	South Korea
MN654379.1	MN654379.1	Human adenovirus 55 isolate WPAFB24, complete genome	714978	B	055	014	011	014	2009-01-01	AS	KR	?	?	?	?	2009	South Korea
MN654378.1	MN654378.1	Human adenovirus 55 isolate WPAFB25, complete genome	714978	B	055	014	011	014	2009-01-01	AS	KR	?	?	?	?	2009	South Korea
MN654377.1	MN654377.1	Human adenovirus 55 isolate WPAFB48, complete genome	714978	B	055	014	011	014	2009-01-01	AS	KR	?	?	?	?	2009	South Korea
MN654375.1	MN654375.1	Human adenovirus 55 isolate WPAFB69, complete genome	714978	B	055	014	011	014	2009-01-01	AS	KR	?	?	?	?	2009	South Korea
MN654376.1	MN654376.1	Human adenovirus 55 isolate WPAFB75, complete genome	714978	B	055	014	011	014	2009-01-01	AS	KR	?	?	?	?	2009	South Korea
FJ597732.1	FJ597732.1	Human adenovirus 11a strain SGN1222, complete genome	343463	B	055	014	011	014	2005-05-26	AS	SG	?	?	?	?	26-May-2005	Singapore
MN654388.1	MN654388.1	Human adenovirus 55 isolate SNG1218, complete genome	714978	B	055	014	011	014	2005-01-01	AS	SG	?	?	?	?	2005	Singapore
MN654389.1	MN654389.1	Human adenovirus 55 isolate SNG1223, complete genome	714978	B	055	014	011	014	2005-01-01	AS	SG	?	?	?	?	2005	Singapore
MN654393.1	MN654393.1	Human adenovirus 55 isolate WPAFB415, complete genome	714978	B	055	014	011	014	2012-01-01	AS	JP	?	?	?	?	2012	Japan
MN654387.1	MN654387.1	Human adenovirus 55 isolate NAMRU3 2009-908968, complete genome	714978	B	055	014	011	014	2009-01-01	AF	EG	?	?	?	?	2009	Egypt
MN654384.1	MN654384.1	Human adenovirus 55 isolate NAMRU3 2008-905223, complete genome	714978	B	055	014	011	014	2008-01-01	AF	EG	?	?	?	?	2008	Egypt
MN654386.1	MN654386.1	Human adenovirus 55 isolate NAMRU3 2007-905716, complete genome	714978	B	055	014	011	014	2007-01-01	AF	EG	?	?	?	?	2007	Egypt
MN654391.1	MN654391.1	Human adenovirus 55 isolate NAMRU3 2005-908017, complete genome	714978	B	055	014	011	014	2005-01-01	AF	EG	?	?	?	?	2005	Egypt
MN654390.1	MN654390.1	Human adenovirus 55 isolate NAMRU3 2005-909685, complete genome	714978	B	055	014	011	014	2005-01-01	AF	EG	?	?	?	?	2005	Egypt
MN654382.1	MN654382.1	Human adenovirus 55 isolate NAMRU3-E66, complete genome	714978	B	055	014	011	014	2002-01-01	AF	EG	?	?	?	?	2002	Egypt
MN654380.1	MN654380.1	Human adenovirus 55 isolate NAMRU3-E3, complete genome	714978	B	055	014	011	014	2000-01-01	AF	EG	?	?	?	?	2000	Egypt
MN654381.1	MN654381.1	Human adenovirus 55 isolate NAMRU3-E4, complete genome	714978	B	055	014	011	014	2000-01-01	AF	EG	?	?	?	?	2000	Egypt
MN654385.1	MN654385.1	Human adenovirus 55 isolate NAMRU3-E6, complete genome	714978	B	055	014	011	014	2000-01-01	AF	EG	?	?	?	?	2000	Egypt
MN654383.1	MN654383.1	Human adenovirus 55 isolate NAMRU3-E72, complete genome	714978	B	055	014	011	014	2000-01-01	AF	EG	?	?	?	?	2000	Egypt
JX423385.1	JX423385.1	Human adenovirus B strain human/EGY/ak37_AdV11a/2001/55[P14H11F14], complete genome	108098	B	055	014	011	014	2001-05-01	AF	EG	?	?	?	?	01-May-2001	Egypt
FJ643676.1	FJ643676.1	Human adenovirus 55 strain QS-DLL, complete genome	714978	B	055	014	011	014	2006-04-01	AS	CN	?	3306	?	?	Apr-2006	China: Shanxi, Qishan
MK123978.1	MK123978.1	Human adenovirus 55 strain 267, complete genome	714978	B	055	014	011	014	2018-06-01	AS	CN	30	?	?	?	Jun-2018	China: Guangzhou
KY780931.1	KY780931.1	Human adenovirus 55 isolate 100-GD_CHN_2016 E1A protein, E1B protein, 54.7 kDa protein E1B, and pIX protein genes, complete cds	714978	B	055	014	011	014	2016-06-01	AS	CN	?	?	?	?	Jun-2016	China
KY780933.1	KY780933.1	Human adenovirus 55 isolate 73-GD_CHN_2016 E1A protein, E1B protein, 54.7 kDa protein E1B, and pIX protein genes, complete cds	714978	B	055	014	011	014	2016-06-01	AS	CN	?	?	?	?	Jun-2016	China
KY780932.1	KY780932.1	Human adenovirus 55 isolate 80-GD_CHN_2016 E1A protein, E1B protein, 54.7 kDa protein E1B, and pIX protein genes, complete cds	714978	B	055	014	011	014	2016-06-01	AS	CN	?	?	?	?	Jun-2016	China
MK886831.1	MK886831.1	Human adenovirus 55 isolate HAdV-B55/CHN/BJDX01/2015, complete genome	714978	B	055	014	011	014	2015-08-31	AS	CN	?	?	?	?	31-Aug-2015	China
KY070248.1	KY070248.1	Human adenovirus 55 isolate 60-GD-2016, complete genome	714978	B	055	014	011	014	2016-06-30	AS	CN	?	?	?	?	30-Jun-2016	China
MK883606.1	MK883606.1	Human mastadenovirus B isolate Human/China/Shanghai/3961/2012/55[P14H11F14], complete genome	108098	B	055	014	011	014	2012-02-28	AS	CN	?	?	?	?	28-Feb-2012	China
MN052861.1	MN052861.1	Human adenovirus 55, complete genome	714978	B	055	014	011	014	2018-04-26	AS	CN	?	?	?	?	26-Apr-2018	China
KC857701.1	KC857701.1	Human adenovirus 55 strain HAdV B55 XZ2012-492, complete genome	714978	B	055	014	011	014	2012-04-26	AS	CN	?	?	?	?	26-Apr-2012	China
KP896483.1	KP896483.1	Human adenovirus B55 strain Liaoning/LS01/2013, complete genome	714978	B	055	014	011	014	2013-02-25	AS	CN	?	?	?	?	25-Feb-2013	China
JX491639.1	JX491639.1	Human adenovirus 55 isolate HAdV-B/CHN/BJ01/2011/55[P14H11F14], complete genome	714978	B	055	014	011	014	2011-03-24	AS	CN	?	?	?	?	24-Mar-2011	China
JX123028.1	JX123028.1	Human adenovirus 55 isolate CQ-1657, complete genome	714978	B	055	014	011	014	2011-04-22	AS	CN	?	?	?	?	22-Apr-2011	China
MK123980.1	MK123980.1	Human adenovirus 55 strain TY12, complete genome	714978	B	055	014	011	014	2013-01-01	AS	CN	?	?	?	?	2013	China
MK123981.1	MK123981.1	Human adenovirus 55 strain TY26, complete genome	714978	B	055	014	011	014	2013-01-01	AS	CN	?	?	?	?	2013	China
MK123979.1	MK123979.1	Human adenovirus 55, complete genome	714978	B	055	014	011	014	2011-01-01	AS	CN	?	?	?	?	2011	China
JX123027.1	JX123027.1	Human adenovirus 55 isolate CQ-814, complete genome	714978	B	055	014	011	014	2010-08-18	AS	CN	?	?	?	?	18-Aug-2010	China
KP279748.1	KP279748.1	Human adenovirus 55 strain human/CHN/AQ-1/2012/55[P14/H11/F14], complete genome	714978	B	055	014	011	014	2012-04-18	AS	CN	?	?	?	?	18-Apr-2012	China
KP896484.1	KP896484.1	Human adenovirus B55 strain Tianjin/TJ01/2013, complete genome	714978	B	055	014	011	014	2013-01-15	AS	CN	?	?	?	?	15-Jan-2013	China
KF908851.1	KF908851.1	Human adenovirus 55 strain TJ-2013-90, complete genome	714978	B	055	014	011	014	2013-01-14	AS	CN	?	?	?	?	14-Jan-2013	China
KX289874.1	KX289874.1	Human adenovirus 55 isolate JS201501, complete genome	714978	B	055	014	011	014	2015-11-12	AS	CN	?	?	?	?	12-Nov-2015	China
KP896478.1	KP896478.1	Human adenovirus B55 strain Hebei/BD01/2012, complete genome	714978	B	055	014	011	014	2012-02-11	AS	CN	?	?	?	?	11-Feb-2012	China
KY002685.1	KY002685.1	Human adenovirus isolate Yunnan/KM04/2016, complete genome	1907210	B	055	014	011	014	2016-06-08	AS	CN	?	?	?	?	08-Jun-2016	China
JX123029.1	JX123029.1	Human adenovirus 55 isolate CQ-2903, complete genome	714978	B	055	014	011	014	2012-01-08	AS	CN	?	?	?	?	08-Jan-2012	China
KJ883521.1	KJ883521.1	Human adenovirus 55 isolate Hebei/BD6729/2013, complete genome	714978	B	055	014	011	014	2013-04-07	AS	CN	?	?	?	?	07-Apr-2013	China
KJ883520.1	KJ883520.1	Human adenovirus 55 isolate Hebei/BD6728/2013, complete genome	714978	B	055	014	011	014	2013-04-06	AS	CN	?	?	?	?	06-Apr-2013	China
KJ883522.1	KJ883522.1	Human adenovirus 55 isolate Shanxi/QZ01/2011, complete genome	714978	B	055	014	011	014	2011-12-05	AS	CN	?	?	?	?	05-Dec-2011	China
KF268333.1	KF268333.1	Human adenovirus D strain human/USA/CL_50/1992/56[P56/H56/F56], complete genome	130310	D	056	056	015	009	1992-01-01	NA	US	PA	003	?	?	1992	USA: Pittsburgh, Pennsylvania
LC215431.1	LC215431.1	Human adenovirus 56 DNA, complete genome, strain: case77_20131505	880565	D	056	056	015	009	2013-05-29	AS	JP	21	?	?	?	2013-05-29	Japan:Kumamoto
LC215430.1	LC215430.1	Human adenovirus 56 DNA, complete genome, strain: case69_20121569	880565	D	056	056	015	009	2012-11-22	AS	JP	21	?	?	?	2012-11-22	Japan:Kumamoto
LC215425.1	LC215425.1	Human adenovirus 56 DNA, complete genome, strain: case37_20121516	880565	D	056	056	015	009	2012-05-31	AS	JP	21	?	?	?	2012-05-31	Japan:Kumamoto
LC215445.1	LC215445.1	Human adenovirus 56 DNA, complete genome, strain: case157_20101537	880565	D	056	056	015	009	2010-11-08	AS	JP	21	?	?	?	2010-11-08	Japan:Kumamoto
KF268329.1	KF268329.1	Human adenovirus D strain human/DEU/HEIM_00081/1982/56[P56H56F56], complete genome	130310	D	056	056	015	009	1982-07-03	EU	DE	?	?	?	?	03-Jul-1982	Germany
HM770721.2	HM770721.2	Human adenovirus 56, complete genome	880565	D	056	056	015	009	2008-01-01	EU	FR	?	?	?	?	2008	France
MF476840.1	MF476840.1	Human mastadenovirus D strain human/USA/MEE-CHBR/1995/56[P9H15F9], complete genome	130310	D	056	056	015	009	1995-01-01	NA	US	?	?	?	?	?	?
HQ003817.1	HQ003817.1	Human adenovirus C strain human/RUS/16700/2001/57[P1H57F6], complete genome	129951	C	057	001	057	006	1997-11-01	EU	RU	?	?	?	?	Nov-1997	Russia
KF268319.1	KF268319.1	Human adenovirus D strain human/ARG/arg_00101/2010/58[P58H58F58], complete genome	130310	D	058	058	058	029	2010-01-01	SA	AR	05	?	?	?	2010	Argentina: Cordoba
HQ883276.1	HQ883276.1	Human adenovirus 58 strain human/ARG/AdCor-96-487/1996/58[P58H58F29], complete genome	980087	D	058	058	058	029	1996-02-01	SA	AR	?	?	?	?	Feb-1996	Argentina
JF799911.1	JF799911.1	Human adenovirus D strain human/USA/CDPH/2007/59[P64H25F56], complete genome	130310	D	059	064	025	056	2007-11-18	NA	US	?	?	?	?	18-Nov-2007	USA
JN162672.1	JN162672.1	Human adenovirus 60a isolate Aids59/Manchester/1992, complete genome	1091198	D	060	060	020	060	1992-01-01	EU	GB	?	?	?	?	1992	United Kingdom
HQ007053.1	HQ007053.1	Human adenovirus D strain human/CAN/SW/2009/60[P60H20F60], complete genome	130310	D	060	060	020	060	2008-01-01	NA	CA	?	?	?	?	2008	Canada
JF964962.1	JF964962.1	Human adenovirus 61 strain JPN/2004/5082/[P31/H-NEW/F31], complete genome	1069441	A	061	031	061	031	2004-01-01	AS	JP	?	?	?	?	2004	Japan
JN162671.1	JN162671.1	Human adenovirus 62 isolate Aids25/Manchester/1993, complete genome	1091197	D	062	062	062	062	1993-01-01	EU	GB	?	?	?	?	1993	United Kingdom
JN935766.1	JN935766.1	Human adenovirus 63 strain human/USA/BP-7-2/1959/63[P30H30F29], complete genome	1124795	D	063	030	030	029	1959-01-01	NA	US	?	?	?	?	1959	USA
JQ326208.1	JQ326208.1	Human adenovirus 64 strain 88, complete genome	1145295	D	064	022	019	037	1989-01-01	NA	US	?	003	?	?	1989	USA: Pittsburgh
JQ326206.1	JQ326206.1	Human adenovirus 64 strain 2, complete genome	1145295	D	064	022	019	037	1955-01-01	NA	US	?	086	?	?	1955	USA: Miami
JQ326207.1	JQ326207.1	Human adenovirus 64 strain 3, complete genome	1145295	D	064	022	019	037	1955-01-01	NA	US	?	086	?	?	1955	USA: Miami
EF121005.1	EF121005.1	Human adenovirus 64 strain human/USA/C/1993/64[P22H19F37], complete genome	1145295	D	064	022	019	037	1993-01-01	NA	US	?	?	?	?	?	USA
AP012285.1	AP012285.1	Human adenovirus 65 DNA, complete genome, strain: BGD/2004/B172/[P58/H10/F9]	1094363	D	065	058	010	009	2004-01-01	AS	BD	?	?	?	?	?	?
JN860676.1	JN860676.1	Human adenovirus 66 strain 87-922, complete genome	1337398	B	066	066	007	003	1987-01-01	SA	AR	?	?	?	?	1987	Argentina
AP012302.1	AP012302.1	Human adenovirus 67 DNA, complete genome, strain: BGD/2005/B109/[P67/H9/F67]	1101371	D	067	067	009	067	2005-01-01	AS	BD	?	?	?	?	?	?
KF268315.1	KF268315.1	Human adenovirus B strain human/DEU/HEIM_00097/1988/NEW[P16H3F16], complete genome	108098	B	068	016	003	016	1988-04-13	EU	DE	?	?	?	?	13-Apr-1988	Germany
JN860678.1	JN860678.1	Human adenovirus 68 strain Arg 827/04, complete genome	1096763	B	068	016	003	016	2004-01-01	SA	AR	?	?	?	?	2004	Argentina
JN226748.1	JN226748.1	Human adenovirus 69 isolate Human adenovirus D human/SAU/CH38/1955/69[P53H15F69], complete genome	1604283	D	069	053	015	069	1955-01-01	AS	SA	?	?	?	?	1955	Saudi Arabia
MF476839.1	MF476839.1	Human mastadenovirus D strain human/USA/MEE-CH38/1955/69[P69H15F42], complete genome	130310	D	069	053	015	069	1955-01-01	NA	US	?	?	?	?	1955	?
KP641339.1	KP641339.1	Human mastadenovirus D isolate human/DEU/Leipzig/2014/70[P70H70F29], complete genome	130310	D	070	070	070	029	2013-01-01	EU	DE	?	?	?	?	2013	Germany
KF268207.1	KF268207.1	Human adenovirus 71 strain human/DEU/HEIM_00085/1987/71[P9H20F71], complete genome	1643649	D	071	009	020	071	1987-11-01	EU	DE	?	?	?	?	Nov-1987	Germany
KF268335.1	KF268335.1	Human mastadenovirus D strain human/DEU/HEIM_00088/1985/72[P72H30F72], complete genome	130310	D	072	072	030	072	1985-09-03	EU	DE	?	?	?	?	03-Sep-1985	Germany
KY618676.1	KY618676.1	Human mastadenovirus D isolate human/DEU/Leipzig/2015/73[P67H45F27], complete genome	130310	D	073	067	045	027	2015-01-01	EU	DE	?	?	?	?	2015	Germany
KY618677.1	KY618677.1	Human mastadenovirus D isolate human/DEU/Leipzig/2015/74[P70H74F51], complete genome	130310	D	074	070	074	051	2015-01-01	EU	DE	?	?	?	?	2015	Germany
KY618678.1	KY618678.1	Human mastadenovirus D isolate human/DEU/Leipzig/2015/75[P75H26F58], complete genome	130310	D	075	075	026	029	2015-01-01	EU	DE	?	?	?	?	2015	Germany
KF268328.1	KF268328.1	Human adenovirus B strain human/DEU/HEIM_00092/1985/NEW[P35H34F7], complete genome	108098	B	077	035	034	007	1985-01-29	EU	DE	?	?	?	?	29-Jan-1985	Germany
KT970441.1	KT970441.1	Human mastadenovirus B strain HAdV-B/USA/CHOP2146-10810/2013/[P11H11F7], complete genome	108098	B	078	011	011	007	2013-10-01	NA	US	PA	?	?	?	Oct-2013	USA: Pennsylvania
KT970442.1	KT970442.1	Human mastadenovirus B strain HAdV-B/USA/12146/2012/[P11H11F7], complete genome	108098	B	078	011	011	007	2012-04-15	NA	US	NY	?	?	?	15-Apr-2012	USA: New York
KT970440.1	KT970440.1	Human mastadenovirus B strain HAdV-B/ARG/18017/2000/[P11H11F7], complete genome	108098	B	078	011	011	007	2000-09-01	SA	AR	?	?	?	?	Sep-2000	Argentina
KF906413.1	KF906413.1	Human adenovirus 11+34 strain IC763, complete genome	1461395	B	079	011	034	011	2010-08-24	AS	KR	?	?	?	?	24-Aug-2010	South Korea
LC177352.1	LC177352.1	Human mastadenovirus B strain HAdV-B/JPN/T150125/2015/79[P11H34F11], complete genome	108098	B	079	011	034	011	2015-01-08	AS	JP	07	?	?	?	2015-01-08	Japan:Fukuoka, Tatara river
KY618679.1	KY618679.1	Human mastadenovirus D isolate human/DEU/Berlin/2014/80[P19/23H28F22], complete genome	130310	D	080	022	028	022	2014-01-01	EU	DE	?	?	?	?	2014	Germany
AB765926.1	AB765926.1	Human adenovirus 81 DNA, complete genome, strain: Chiba_E086/2012	1972755	D	081	065	048	060	2012-04-01	AS	JP	?	?	?	?	?	?
LC066535.1	LC066535.1	Human mastadenovirus D DNA, complete genome, strain: human/JPN/OIPH23/2011/82[P56H15F37]	130310	D	082	056	015	037	2011-01-01	AS	JP	32	?	?	?	2011	Japan: Osaka
KX827426.1	KX827426.1	Human mastadenovirus D strain human/PAR/Py52A/2010/83[P83H9F15], complete genome	130310	D	083	083	009	015	2010-07-12	SA	PY	?	?	?	?	12-Jul-2010	Paraguay
MF416150.1	MF416150.1	Human mastadenovirus D strain Hu/PAN/P309886/2011/84 [P43H17F84], complete genome	130310	D	084	043	017	084	2011-01-01	NA	PA	?	?	?	?	2011	Panama
LC314153.1	LC314153.1	Human mastadenovirus D DNA, complete genome, isolate: Kumamoto_20151587_JPN	130310	D	085	037	019	008	2015-12-09	AS	JP	21	?	?	?	2015-12-09	Japan:Kumamoto
KX868297.2	KX868297.2	Human adenovirus 86 isolate GyK018, complete genome	2461378	D	086	009	025	025	1978-01-01	EU	SE	?	?	?	?	1978	Sweden
MF476844.1	MF476844.1	Human mastadenovirus D strain human/USA/MEE-TWSC/1964/87[P9H15F25], complete genome	130310	D	087	009	015	025	1964-01-01	NA	US	?	?	?	?	?	?
MF476841.1	MF476841.1	Human mastadenovirus D strain human/USA/MEE-KIPA/1967/87[P9H15F25], complete genome	130310	D	087	009	015	025	1967-01-01	NA	US	?	?	?	?	?	?
MF476843.1	MF476843.1	Human mastadenovirus D strain human/USA/MEE-TIER/1967/87[P9H15F25], complete genome	130310	D	087	009	015	025	1967-01-01	NA	US	?	?	?	?	?	?
MF476842.1	MF476842.1	Human mastadenovirus D strain human/USA/MEE-MOLD/1963/88[P88H15F9], complete genome	130310	D	088	088	015	009	1963-01-01	NA	US	?	?	?	?	?	?
KF268325.1	KF268325.1	Human mastadenovirus D strain human/DEU/HEIM_00090/1986/92[P92H32F27], complete genome	130310	D	092	092	032	027	1986-05-20	EU	DE	?	?	?	?	20-May-1986	Germany
KF268334.1	KF268334.1	Human mastadenovirus D strain human/DEU/HEIM_00094/1988/93[P28H37F38], complete genome	130310	D	093	028	037	038	1988-03-28	EU	DE	?	?	?	?	28-Mar-1988	Germany
KF268201.1	KF268201.1	Human mastadenovirus D strain human/DEU/HEIM_00080/1982/94[P33H15F9], complete genome	130310	D	094	033	015	009	1982-05-11	EU	DE	?	?	?	?	11-May-1982	Germany
KF268206.1	KF268206.1	Human mastadenovirus D strain human/DEU/HEIM_00100/1984/95[P95H9F15], complete genome	130310	D	095	095	009	015	1984-04-10	EU	DE	?	?	?	?	10-Apr-1984	Germany
KF268327.1	KF268327.1	Human mastadenovirus D strain human/DEU/HEIM_00089/1988/96[P23H32F62], complete genome	130310	D	096	023	032	062	1988-05-26	EU	DE	?	?	?	?	26-May-1988	Germany
KF268320.1	KF268320.1	Human mastadenovirus D strain human/DEU/HEIM_00087/1987/97[P67H28F60], complete genome	130310	D	097	067	028	060	1987-12-14	EU	DE	?	?	?	?	14-Dec-1987	Germany
KF268332.1	KF268332.1	Human mastadenovirus D strain human/DEU/HEIM_00099/1986/98[P98H46F9], complete genome	130310	D	098	098	046	009	1986-04-07	EU	DE	?	?	?	?	07-Apr-1986	Germany
KF268211.1	KF268211.1	Human mastadenovirus D strain human/DEU/HEIM_00098/1987/99[P9H46F39], complete genome	130310	D	099	009	046	039	1987-04-10	EU	DE	?	?	?	?	10-Apr-1987	Germany
KF268330.1	KF268330.1	Human mastadenovirus D strain human/DEU/HEIM_00083/1986/100[P100H17F30], complete genome	130310	D	100	100	017	030	1986-03-08	EU	DE	?	?	?	?	08-Mar-1986	Germany
KF268324.1	KF268324.1	Human mastadenovirus D strain human/DEU/HEIM_00095/1988/101[P101H37F45], complete genome	130310	D	101	101	037	045	1988-01-01	EU	DE	?	?	?	?	1988	Germany
KF268312.1	KF268312.1	Human mastadenovirus D strain human/DEU/HEIM_00096/1984/102[P102H38F30], complete genome	130310	D	102	102	038	030	1984-02-06	EU	DE	?	?	?	?	06-Feb-1984	Germany
KF268322.1	KF268322.1	Human mastadenovirus D strain human/DEU/HEIM_00091/1986/103[P103H33F30], complete genome	130310	D	103	103	033	030	1986-05-20	EU	DE	?	?	?	?	20-May-1986	Germany
